content_names,content_dates,content_hits,content_coms
0,2017-06-09 03:40:46,1,"#89818번째울림
2017. 06. 08. 오후
<게임>
 힐러야, 힐러를 안지킨다고 나무라기 전에 상대 힐러랑 1대1하고 있는 너의 포지션을 생각해주길 바래. 거기까지 간것도 용하다 진짜"
1,2017-06-08 12:33:07,48,"#89770번째울림
2017. 06. 08. 오전
<학교>
다음학기는 진짜 휴학할거에요
계획없는 휴학 시간낭비고 뭐고 좀 그냥 쉬고싶다 
이번 학기 인간관계부터 시작해서 연애 돈 공부 팀플 미래에 대한 걱정 뭐하나 안힘든게 없어요 
현재상태 남자친구랑 권태기 + 과제때매 시험공부 1도못함 + 알바잘려서 텅장 + 발암팀플(지금도 팀플과제하다 새벽3시)
진짜 다음학기는 휴학이에요 저 말리지마요.....ㅠㅠ"
2,2017-06-08 03:01:13,0,"#89742번째울림
2017. 06. 07. 오후
<사는얘기>
오타와 두서 없는 글이 불편하신 분들은 넘어가 주세요

제작년인가 작년인가 벌써 부모님이 이혼하신지 1년이 넘었다. 고등학교때부터 이젠 혼자할 수 있으니 나 때문에 아직도 이혼하지 않은거라는 말은 하지말고 제발 이혼해달라고 간절히 부탁했다. 엄마와 떨어져 살기 시작하고부터 몸이 줄곳 안좋아지고 이주에 한번씩 질염에 시달리고 그 흔한 감기는 매번 걸려서 몇달을 이어가고 작년엔 대상포진과 독감 그리고 남소에 염증이생겨 설날에 응급실.  얻은 건 저질체력으로 하루 밤새거나 수면부족이면 터지는 코피. 사랑했던 사람의 배신으로 더이상 남자는 못 믿겠다. 나한테나 엄마한테나 해준 거 없지만 그래도 한계없이 날 아껴주는 아빠가 있어서 지금까지 버텨오는걸까. 모든 일에서 긍정적이고 밝던 나는 어디로 가버린거지. 친구한테 털어놔도 나아지지 않고 다들 나보다 더 힘들다,  근데 걔들한테 털어놔도 달라지는건 없는 것 같다. 힘들다 세상은 내가 싫어하는 것 들을 요구하고 내가 가지지 못한 것을 요구한다. 기대고 싶다 기대어서 편히 쉴 수 있는사람이 있었으면 좋겠다. 엄마 보고싶다 엄마가 일찍 죽을까봐 두렵다 나한텐 엄마가 전부였나보다."
3,2017-06-08 03:01:12,0,"#89741번째울림
2017. 06. 07. 오후
<인간관계>
너 진짜 남이 하는 말 좀 들어라
괜히 내가하는말 의심했다가 뼈저리게 큰코다쳐서 나한테 울면서 사과하고, 내말 안 들었다가 불안불안하더니 결국 다된밥상 엎어놓았잖아.
널 못믿어서 사람들이 나에게 의지하는 걸 왜 나를 탓하니?
왜 아무런 계획도 일정도 짜놓은거 없다가 내가 물어보니 그제야 밍기적대면서 내가 도와주는 건 당연시 여기는 거야? 내가 왜 일을 이렇게 진행해야 하는지 조근조근 설명하면 그냥 싹다 무시하고 ""아 난 모르겠고 이렇게 할꺼야"" 이러는 태도가 맞다고 생각하니?

난 너보다 선배이지만 솔직히 선후배 다 떠나서 인간 간에 이래서는 안되는 거지 않나 싶다. 난 최선을 다해서 약속을 지켰고 네가 해달라는 모든 걸 다 해줬어. 그럼 적어도 내 의견에 제대로 된 이유라도 말해주는 게 도리 아니냐? 내가 하는 말은 일단 의심하고 나를 앞뒤없이 흥분하는 사람으로 몰아세우는
거 진짜 불쾌하다.실제로 제일 감정적인 사람은 넝였어.네가 술김에 한 일 기억나지?

 네 철없고 고집세고 싸가지없는 행동을 언제까지 참아줘야 해? 진짜 제대로 해라 너 성인이고 네 자리 그렇게 가벼운 거 아냐."
4,2017-06-07 18:07:06,133,"#89721번째울림
2017. 06. 07. 오후
<사는얘기>
지금까지 내가 잘생긴줄알고있었다
존잘은 아니어도 중상정도...?
왜 내가 인기가 없을까 고민이 많았다

그러던 어느날 친구가 찍어준사진을 봐버렸다

그곳에는 너무나도 해맑은 오징어한마리가 있었다
자신이 잘생겼다고 믿고 있는 어리석은 오징어가.."
5,2017-06-07 14:52:01,0,"#89714번째울림
2017. 06. 07. 오후
<인간관계>
그렇게 다 무시할거면 톡방좀 알아서 나가주겠니? 하는 행동 보면 우리한테 정 다 뗀 거 같던데 그러면서 톡방은 안 나가니?"
6,2017-06-07 12:03:39,37,"#89704번째울림
2017. 06. 07. 오전
<술..>
혜화에 혼술하기 좋은집있나요? 요새 왜이렇게 혼술이 땡기죠?"
7,2017-06-07 07:10:15,13,"#89698번째울림
2017. 06. 07. 오전
<인간관계>
대ㅡ호!(대숲 호우!라는 뜻)
대학교와서 고등학교때 처럼 깊은 친구관계를 맺기힘들 줄 알았는데 저는 행운아 인가봐요! 대학교와서 인생친구를 너무 많이 사귄거 같아 요즘 너무 행복해요!"
8,2017-06-07 07:10:12,19,"#89696번째울림
2017. 06. 07. 오전
<질문/건의/의견>
약국에서 파는 수면유도제나 슬로우 카우 같은 제품들 이용해보신분 계신가요?? 원래 잠을 늦게 자는 편인데(3시 4시 정도) 요즘 스트레스 받는 일이 많아서 그런지 많이 잘 수도 없는 시간에 눕는데도 잠이 잘 안오네요... 잠들려하면 불안함에 깨고 잡생각이 많아집니다... 제 생활 패턴을 고치는게 가장 좋은 방법이겠지만 시험기간이기도 하고... 제품을 이용했을 때 잠은 잘 오는지, 원하는 시간에 일어날 수 있는지, 일어났을 때 멍하거나 의식을 차리기 어려운지 자세히 알고 싶네요."
9,2017-06-07 01:13:11,5,"#89685번째울림
2017. 06. 06. 오후
<군대>
어제 동기에게 충격적인 이야기를 들었습니다.
*** ** 교수님께서 레포트를 제출하든지, *** 실험에 참가하든지 선택하게 했다는것입니다.

제가 생각하기로는, 이건 점수를 결정할 수 있다는
 우월한 지위를 이용해서, 자신의 이득을 챙기는(실험 표본확보) 짓으로, 되게 비열해보였습니다.

성대 학우분들의 생각은 어떤가요??"
10,2017-06-07 01:13:07,132,"#89683번째울림
2017. 06. 07. 오전
<취향입니다 존중해주시죠>
사이먼 도미닉 인기폭발이길래...
이번에는 '소'특집해볼게여

소가 감전되어서 죽으면? 헿
.
.
.
.
.
.
.
.
.
.
.
.
우사인볼트..
소가 죽은 사인은 바로...볼트때문 껄껄"
11,2017-06-07 00:24:06,514,"#89680번째울림
2017. 06. 06. 오후
<취향입니다 존중해주시죠>
사이먼

도미....닉....
==사이먼도미닉
껄껄"
12,2017-06-06 19:53:33,25,"#89665번째울림
2017. 06. 06. 오후
<성균관대학교 대나무숲>
건강에 해롭다는 기말고사가 돌아왔습니다. 또한 오늘은 62번째 현충일입니다. 묵념. 2017년 5월 동안에는 총 1845건의 제보가 올라왔습니다. 4월의 2323건보다는 500여 건 감소했습니다. 좋아요 수는 53365건, 댓글 17481건, 공유 2246건으로 제보당으로 보면 좋아요 28.92건, 댓글 9.47건, 공유 1.22건으로 좋아요와 댓글은 줄었으나 공유가 늘어났음을 알 수 있습니다. 역시 5월은 중간시험이 끝나고 연휴가 있어서 반응이 줄어든 것을 알 수 있습니다.

제보가 업로드된 시간대는 15시 121건, 17시 120건, 22시 117건, 20시 112건, 0시 111건 순으로 오후 시간대에 집중되어 있으며, 6시 39건, 3시 36건, 5시 27건, 4시 22건으로 이 시간대는 대숲지기의 수면시간임을 알 수 있습니다. 하지만 전 시간대에 제보가 업로드되었으므로 대숲지기의 근면성은 인정해주고 싶습니다. 

제보에 달린 카테고리는 사랑이 533건으로 29.6%, 사는얘기가 500건으로 27.8%로 상위 2건의 제보는 57% 정도를 차지함을 알 수 있고, 사랑의 제보 역전 현상이 계속됨을 알 수 있습니다. 역시 사랑은 여러분들에게 중요한 것이겠지요... 외에 인간관계 10%, 진지합니다가 7.4%로 상위 4건의 카테고리는 75%정도를 점유함을 알 수 있습니다. 이외에 성균문예와 치킨의 제보는 1자리 수로 상당히 저조함을 알 수 있습니다. 적어도 여기에서는 치느님이 찬밥 취급인 것을 알 수 있습니다.

제보에 사용된 단어의 빈도는 사람, 생각, 친구, 사랑, 여자, 마음, 남자, 우리, 시간, 진짜, 하나, 대숲, 연락, 근데, 행복 순으로 매번 똑같은 패턴을 보이고 특이한 단어는 축제, 동아리, 동성애, 군대, 상처, 후보, 우울, 눈물, 스트레스 등이 상위 200개의 단어 중에서 유의미한 것으로 보여집니다.

단어 간의 연관관계는 사람, 친구, 생각을 중심으로 연애와 인간관계, 대학생활 전반에 대한 내용이 주를 이룸을 알 수 있습니다. 매월 똑같은 반응을 보이고 타대를 분석해 보아도 같은 결과가 나오는 것으로 보아 대학생들의 생활과 고민거리는 언제나 비슷함을 알 수 있습니다.

이제 기말고사의 시즌이 다가왔습니다. 모두 열심히 공부하시고 원하시는 결과 이루기를 바랍니다. 

P.S. 곧 90000번째 제보가 다가오고 있습니다. 본인의 솔로 인생도 이번달 말이면 9000일이 완성하여 기분이 묘합니다. ..."
13,2017-06-06 16:39:08,53,"#89653번째울림
2017. 06. 06. 오후
<학교>
야 이 ---들아 팀플을 하면은 조장 질문에 대답은 해야 될 것 아니야 시간 언제 되냐고 ㅋㅋㅋㅋㅋㅋㅋㅋㅋ
그리고 이 ---들아 내가 조장하고 싶어서 한 것도 아닌데 니들 시간 아무도 안된다길래 그러면 내가 하루 종일 휴일에 학교에 앉아있을테니까 시간 될 때 마다 들르라고 했더니 아무도 안와?ㅋㅋㅋㅋㅋㅋㅋㅋㅋㅋ

니들 이름 다 뺀다 ㅅㄱ해라"
14,2017-06-06 12:38:45,10,"#89634번째울림
2017. 06. 06. 오전
<사랑>
잠이많은건 이제 나한테 미안해하지않아도 돼... 
그보다....대체 나는 너한테 뭐였는지.. 정말 비참하다
넌 그동안 나에게 힘든일 혼자 품고있지 말고 다 이야기하라고 말해주었고.. 난 항상 너에게 털어놓고 위로를 받았는데... 너는 한번도 나한테 기댄적이 없었어... 아니 딱 한번.. 작년에 한번... 그것도 나한테 기대기 이전에.. 나한텐 말도 없이 친구들이랑 나가서는 이미 반은 풀고 온 듯했고.. 돌아와서는 나한테 힘든 티를 내지 않았어.. 그래서 그때도 난 너 혼자 마음 다 추스린 뒤에야 안아준게 다였어..
그 이후론 한번도 힘들다고 한적이없어.. 동아리든 알바든 뭐든 즐겁게 이야기했고 재밌다고 했어..
그래서 넌 힘든일이 없는 줄 알았어 항상 밝고 긍정적이어서, 에너지가 넘쳐서 힘든것도 없구나.. 참 부러웠고 시도때도없이 힘들어하는 내가 답답했어  
어느순간부터는 너에게 털어놓기전에 항상 고민하게 되었어... 항상 나만 기대는것 같아서.. 너가 귀찮지는 않을까 답답해하지 않을까...
그래도 털어놓고 나면 마음이 편해지고.. 항상 따뜻하게 이야기해줘서 좋았는데...역시 내가 문제였던 걸까.. 내가 너무 힘든얘기를 많이해서 너가 힘든얘기를 할 수가 없었던 걸까... 난 항상 너도 나에게 기대주기를 바랬는데.. 그래서 나한테도 기대어달라고.. 힘들면 말해달라고 그렇게 얘기했는데... 난 힘들때마다 너가 제일먼저 생각났는데.. 너도 그렇다고 했으면서.. 그게 다 거짓말이었던걸까.. 
난 너에게 도움이 될 수 없는걸까.. 왜 너는 나에게 기회를 주지않는걸까... 나는 너에게 뭘까...
 
오늘 딱 두번째로 나에게 기대었다..아니 기대지않았다 그냥 바쁘고 힘든일을 늘어놨을뿐이다.. 하루가 다 지나고 새벽3시가 되어서야... 오늘도 혼자 다 풀고 이제서야..
부담주기 싫어서 말하지않았다고... 그럼 난 항상 너에게 부담을 줬겠구나...
나는 위로해줄수가 없었다 눈물이나서... 나는 그 조교선생님만큼도 너에게 힘이되어 줄수 없는건지..  너무 속상하고 비참해서.. 
그동안 속은 느낌이다.. 넌 정말 나를 사랑하는걸까... 정말 사랑하면 이러면 안되는거 아닌가....ㅎ 항상 서로간 솔직함을 원하는 너면서.. 이게 나를 위한거라면 너무 이기적이지않은가.... 내 일은 너와 함께 해결하고 네 일은 너 혼자 끙끙 앓으며 해결하고.. 

너무 속상해서... 왜 나한테는 기대지않냐고.. 나는 너에게 도움이 되지 않는거냐고... 물어보고싶었지만.. 내일도 바쁠 너에게 얼른 자라고 할수밖에 없었다... 또 내 기분 풀려고 너의 시간을 잡아먹을 수가 없어서..
그냥 너무 속상하고...답답한데.. 오늘은 기댈사람이 없으니.. 털어놓을 사람이 없으니  여기 썼어..넌 대숲을 안볼테니까... 나는 대체 너에게 뭐야..ㅎ"
15,2017-06-06 11:08:48,2,"#89627번째울림
2017. 06. 06. 오전
<사랑>
눈 앞에서 결국
또다시 CC의 결말을 보았다.

넌 괴롭다 말했다.

또다시 5년의 기다림을 시작하겠다.
아모른직다."
16,2017-06-05 22:43:46,10,"#89597번째울림
2017. 06. 05. 오후
<사랑>
오랜만에 봤는데,
단발로 자른 넌 여전히 이쁘더라"
17,2017-06-05 15:44:16,5,"#89576번째울림
2017. 06. 05. 오후
<사랑>
고민상담 해준건 너무 고마워

근데 내 고민을 주면서 마음까지도 줘버린 것 같아

이래서 둘이서 만나고 싶지 않았던건데

이럴까봐 둘이서 만나지 말자고 했던건데

다음번엔 널 어떤 얼굴로 봐야할지 모르겠네"
18,2017-06-05 07:03:43,2,"#89554번째울림
2017. 06. 05. 오전
<저.. 진지합니다>
다음 각 상황들 중 잘못은 누구에게 있을까요?

Case 1.

값비싼 보석장신구를 치렁치렁 드러내고 혼자 다니다 강도 갑에게 장신구를 모두 빼앗긴 을.

Case 2.

전도율이 월등히 높은 순금을 사용한 전선을 설치한다고 자랑했다 야적해둔 전선을 갑에게 모두 도난당한 을.

Case 3.

명동거리 한 가운데 본인의 사진과 이름과 연락처가 적힌 유리상자에 현찰 1억을 넣어뒀다 갑에 의해 모두 도난당한 을.

Case 4.

갱단이 지배하는 뒷골목에 들어가서 큰소리로 통화하면서 떠들다가 갱단원 A에게 총을 맞아 죽은 B.

Case 5.

DAESH 캠프에 대놓고 들어가서 여기저기 다니며 사진을 찍다가 DAESH 멤버 1에게 총을 맞아 죽은 2.

선지 1번 - 가해자 (갑, A, 1)
선지 2번 - 피해자 (을, B, 2)
선지 3번 - 가해자와 피해자
선지 4번 - 누구에게도 없다

위 5 문항은 정해진 정답이 없는 문제들입니다."
19,2017-06-05 05:23:27,0,"#89544번째울림
2017. 06. 05. 오전
<사랑>
언젠간 널 갖겠어 너랑 꼭 연애할꺼임 
쟁취하겠어"
20,2017-06-05 04:07:13,2,"#89536번째울림
2017. 06. 05. 오전
<사랑>
그 사람은 제가 보기엔 너무 멋있었어요.
그렇지만 대화해보면서 느꼈어요.
뭐 인성 쓰레기까지는 아니지만, 성격이 아주 착하고 좋은 사람은 아니구나...
여자도 너무 많고, 주변 사람 뒷담도 가끔 하고,
다혈질적이고..아무튼 나랑 맞는 사람은 아니겠구나..
그래서 그 사람이 나에게 관심을 표현했을 때
사실 속으로는 끌리면서도 일부러 밀어냈어요.
지금은 남남이 되었지만 아직도 그 사람을 우연히 마주치면 미칠 것 같네요ㅎ..
저 잘한 거겠죠? 그 사람 밀어낸 거.."
21,2017-06-05 00:20:02,0,"#89513번째울림
2017. 06. 04. 오후
<사랑>
우리사이는 네가 생각하는것처럼 로맨틱한 사이가 아니야. 나랑너랑 썸타는 사이 아니야. 나는 너를 한번도 이성으로 본 적이 없고 앞으로도 그럴거야. 좋아하는 사람이 있다는게 네 이야기는 아니였어. 착각하게 했던 많은 행동들에대해서는 미안하다는 말밖에는 못하겠어. 근데 아닌걸 어떡해?
여튼 친구면 친구처럼만 지내자. 그렇게 계속 눈치주지말고 ㅋㅋㅋㅋ부담된다"
22,2017-06-04 22:01:22,3,"#89500번째울림
2017. 06. 04. 오전
<#야나무숲>
남자친구랑 하고 난 뒤에 씻고 나서 남자친구가 바로 페북을 하거나 웹툰을 봐요. 심지어 페북으로 다른 여자 사진을 찾아보면서 예쁘네 사진이 잘 나왔네 그래요."
23,2017-06-04 21:21:02,5,"#89494번째울림
2017. 06. 04. 오전
<사랑>
너와 나는 전날 밤, 그리고 오늘 아침 펑펑 울었다.
그리고 우리의 연애는 끝이났다...
참으로 
미안했다. 
고마웠다.  
행복했다.
사랑했다.
그리고 진심이었다."
24,2017-06-04 03:25:06,2,"#89468번째울림
2017. 06. 04. 오전
<사랑>
현충일 싫어!!! 주말싫어!!! 휴일은 왜있는거야!!!!!
화요일날 너볼생각에 잔뜩 들떠있었는데 달력을 보니 빨간날이네...ㅠㅠㅠㅠㅠ
목요일까지 언제기다리지ㅠㅠ
보고싶다 보고싶어
지나가다 마주쳤음 좋겠다 꼭 인사해줄께!"
25,2017-06-04 01:30:20,30,"#89459번째울림
2017. 06. 04. 오전
<사는얘기>
  내 주변 친구들은 항상 나에게 말했다. 상대방을 좋아해도 너무 많이 표현하지 말라고. 연인 간 50대 50, 또는 45 대 55가 이상적인 예쁜 연애를 할 수 있다고. 하지만 내 생각은 달랐다. 상대방이 나를 얼만큼 좋아하는지 재어가며 나의 애정을 쏟아야 하는걸까. 난 아니라고 생각했다. 우리가 예쁜 연애를 얼만큼의 기간동안 할 수 있을지 몰라도, 이 시간만큼은 난 이 친구만을 사랑해야지. 다시 오지 않을 이 시간을 내가 사랑하는 사람과 사랑한다고 속삭여야지.
  나의 생각이 잘못됐던 탓인가. 그 친구를 향한 나의 사랑이 커질수록 내가 그를 떠나지 않을거라는 확신이 강했던걸까, 항상 잘해주고 밀당하지 못하는 내가 질렸던걸까, 연애기간이 길어지며 다른 곳으로 시선을 돌리는 그 친구를 보면서 나의 마음은 억장이 무너졌다. 우리가 서로 만들어왔던 공든 탑이 한 순간에 무너지는 거랄까.

  그 친구를 너무 좋아하지만 마음이 아파서 잠시 헤어졌었다. 그리고 그 친구에게 다시 보고싶다는 연락이 왔을 때, 나는 결심했다. 뭐하고 있는지 궁금해도 먼저 연락하지 말아야지. 내가 좋아해도 좋아하는 티 내지 말아야지. 내가 그 친구를 너무 사랑해도 절대 내 감정을 드러내지 말아야지... 또 상처받고 힘들어서 허덕이고 싶지 않았기 때문에...
예전과 다른 내 행동과 말투 때문인지 그 친구도 내가 예전과 달라졌음을 느꼈나보다.

우리 서로 좋아하는 감정이 없어진거같아. 그만 만나자.
응 그래.

  너를 아직도 너무너무 좋아한다고 마음 속 깊이 저 벼랑끝에서만 소리칠뿐이다. 하지만 나는 안다. 우리가 재회 후에 내가 다시 좋아한다고 표현하면 너는 그것에 또 안주하고 다른 곳으로 눈을 돌리리란 것을. 그래서 난 내가 한 행동에 대해 후회하지 않는다.

  아주 깊은 잠에 빠지고싶다. 꿈조차 꿀 수 없는 깊은 잠에 빠질 때만이 너를 생각할 수 없기 때문에..."
26,2017-06-04 00:50:47,4,"#89455번째울림
2017. 06. 03. 오후
<사랑>
내 생각이 맞다면, 내가 대숲에 쓴 글을 네가 읽은 것 같다. 아마 읽지 않았을거라 생각했는데 말의 뉘앙스가 바뀐것을 보니 긍정적이던 부정적이던 영향을 미친 것 같다.

길게 대화를 이어나가고 싶은데 어떻게 해야할 지 모르겠다.  '뭐해?' 라고 간단하게 시작할까 생각 해 보지만, 너무 가벼운 것 같아 결국 다시 원점으로 돌아온다. 깊은 이야기를 하고 싶지만 네가 혹시 부담스러워 하지는 않을까, 내가 지나치게 진지한 아재로 느껴지지는 않을까 하는 걱정이 앞을 가린다. 다정하게 얘기하고도 싶지만 괜히 친한척 하는거 아니냐고 오해할까봐 괜히 걱정된다.

이번에도 대화가 길게 이어지지는 않지만 그래도 좋다. 답장이 오는것을 기다릴 때, 빨리오던 늦게오던 기다릴 수 있다는 것 자체에 대해 행복함을 느낀다. 대화를 하지 않을 때에는 어떤 프사를 쓸까 고민 할 수 있는것에 대해 즐거움을 느낀다.

넌 충분히 현명하니까, 이번에도 내가 썼다는 걸 눈치챌 거라고 생각한다. 너도 나처럼 적극적으로 표현하는 타입은 아닌 것 같아서, 나에 대해 어떻게 생각하는지 궁금하다. 만약 별다른 관심이 없다 하더라도, 네가 '관심을 가져주는 사람이 있었다' 라고 생각해 준다면 너에게도 그리고 나에게도 서로 좋은 기억으로 남을 수 있지 않을까 생각한다."
27,2017-06-04 00:11:58,11,"#89450번째울림
2017. 06. 03. 오후
<학교>
학교에서 친한 친구를 사귈 수 있을까 매번 속상하기만 했습니다. 

왜냐면 엘씨 친구들이랑 별로 많이 못친해졌거든요ㅠ

근데 이번에 처음으로 좋은 예감이 들었어요

같이 팀플하던 친구들인데ㅠㅠㅠ여자애들 남자애들 그리고 오빠 모두 너무 좋아요ㅠㅠㅠ

팀플할때도 웃음이 끊이지 않았고 집에 가면서 얘기를 할때에도 너무 좋았어요 ..

계속 연락하고 친하게 지내고 싶어요ㅠㅠ

고마워"
28,2017-06-03 21:48:18,3,"#89443번째울림
2017. 06. 03. 오후
<그 외 (위의 카테고리 외 기타 등등)>
예뻐지고 싶어요
저는 안경쓰고다니는데, 안경도벗고 화장도 하고..진짜 예쁘진않더라도
대학생같이 다니고싶어요
팁 좀 주세요~~!!"
29,2017-06-03 21:48:16,2,"#89441번째울림
2017. 06. 03. 오후
<저.. 진지합니다>
대숲...제 언니가 너무 걱정돼서 저도 우울증이 올것같아요... 일단 제 언니는 얼마전 오래 사귄 남자친구랑 헤어지고 한달동안 진짜 많이 힘들어했는데요. 이제 괜찮아졌다 싶더니 회사 일때문에 그나마 남아있던 실같은 끈이 끊어진 듯이 무기력하고 목표 없는 생활을 하고 있어요... 뭘 해도 재미없고 감흥이 없나봐요ㅠㅠ 그래서 위염도 생기고, 더있으면 위암으로 악화될 수도 있대요. 그런데 또래 친구들한테도 일을 다 밝힐 수가 없어서 동생인 저에게 얘기를 했는데, 그것도 언니로서 마음이 안좋나봐요. 그리고 부모님이랑은 사이가 멀어서 전혀 이런 얘기를 밝힐 수가 없어요. 저도 언니를 돕고 싶은데 어떻게 해야할지를 모르겠고 언니가 언제 자살할지도 모른다는 생각에 맨날 근심거리를 안고 사는것같아요... 상담을 받으면 좀 나아질까요? 너무 두서없이 얘기를 했는데, 어떻게 하면 조금이라도 나아질지 조언받고싶어요ㅠㅠ"
30,2017-06-03 10:53:24,17,"#89428번째울림
2017. 06. 03. 오전
<술..>
술 종류가 엄청 많잖아요? 근데 전 이상하게 우리나라 전통 술이 좋더라고요 ㅋㅋ 경주 교동법주, 한산 소곡주, 논산 가야곡왕주, 서울 문배주, 안동 소주, 면천 두견주....그런데 넘 비싸고 구하기도 쉽지 않아요 ㅠㅠ 어디 좀 그런 거 전문으로 하는 술집 안 만들어지려나요...ㅠㅠ"
31,2017-06-02 21:08:35,0,"#89393번째울림
2017. 06. 02. 오후
<게임>
<오버워치>
배치 점수 짜다고 징징대는 사람들 특징:
준배치때 실력으로 올라갈 자신 없어서 로또맞기만을 바라는 전형적인 기회주의자
어차피 세기말쯤 될때까지 꾸준히 하면 다 자기점수 찾아감"
32,2017-06-02 21:08:31,6,"#89389번째울림
2017. 06. 02. 오후
<사랑>
저 곧 헤어질 것 같아요
진짜 너무너무 아프고 힘든데
다른분들은 어떻게 이겨내신 건가요...
어떻게 다른 사랑을 다시 시작하고..
심지어 여러번 헤어지고 만나고를 반복하는 분들은 어떻게 버티신건가요"
33,2017-06-02 11:26:36,5,"#89366번째울림
2017. 06. 02. 오전
<사랑>
차라리 네가 나쁜 사람이었으면 좋겠어.

널 욕하고, 친구들에게 너에 대해 푸념하고, 게임이며 여자문제며 술이며 날 힘들게 하는 사람이면 좋겠어. 도대체 너는 왜 내가 미안하기만 할 정도로 나에게 잘 해 주는지.
나는 새벽까지 술 마시고 여럿이서 어울려 노는 게 좋아. 필름이 끊길 때까지 각종 드립과 걸쭉한 욕설을 섞어가며 친한 남사친들과 술잔을 기울이는 것도. 신촌이고 홍대고 놀러가서 춤추는 것도 좋아. 그곳에서 남자들과 깊은 스킨십을 하지는 않지만 그들이 나의 몸매와 얼굴에 보내는 관심을 즐겨. 이따금씩 일탈을 하지 못한다면 난 그냥 죽어버리고 말거야.
너가 좋지만 이걸 이해하지 못할거란 걸 알아. 그래서 이 모든 걸 얼마 전 술에 취해 다 고백했잖아. 나는 이렇게 부족한 사람이라 헤어지자고. 그런데 네가 붙잡으면 어떻게 해? 내가 그럼 너무 미안해지잖아.
너를 좋아해. 어쩌면 사랑하고. 너에게 거짓말 하고싶지 않아. 하지만 넌 나의 저런 모습을 싫어하고 난 나의 그러한 면모를 참을 수 없기에 거짓말을 할 수밖에 없어.
오늘이 지나면 난 너에게 헤어지자고 하겠지. 아무리 매몰차게 말해도 넌 다시 붙잡을거야.
아무래도 내가 널 사랑할 준비가 아직 덜 된 것 같다."
34,2017-06-02 01:14:49,6,"#89352번째울림
2017. 06. 02. 오전
<사랑>
재지팩트 앨범이 나왔어. 그리고 우리가 사귀기 시작했던 그 날도 1년이 지났네,

나는 너를 잊었어. 너도 나를 잊었다고 생각했어. 
아니 네가 나를 잊었었다고 생각했어, 그래서 나도 너를 잊은 걸로 하기로 했었어.

근데 몇 일 전에 말이야, 네가 내 SNS를 본 걸 알게 됐어.
그래, 그냥 호기심에, 내가 뭐하고 살까, 내가 혹시 널 그리워하고 있지는 않은가, 그런 것들이 궁금했을 수도 있어.

일부러 흔적을 남긴건지, 혹은 실수로 그런건지, 아니면 정말 아무 거리낌없이 그런건지.

너의 그 사소한 흔적에 그렇게도 노력해서 뿌렸던 안개들이 한순간에 사라지더라.

있잖아. 나는 네가 나를 그리워했으면 좋겠어. 
작은 네 손 잡고 작년 이맘때처럼 벤치에 앉아 너의 재잘거림에 귀 기울이고 싶어.
널 데려다주고 터덜터덜 집으로 걸어가는 그 길이 그리워.
새벽에 날 잠못들게 하는 너의 전화가 그리워.

너와 벚꽃을 꼭 보고싶었는데, 우리학교에 벚꽃이 참 이쁘게 폈었는데, 모든게 완벽한데 내 옆에는 너가 없네.

아직도 꽃집을 지날때마다, 이 꽃 참 너가 좋아하겠다라고 생각하는 내가 바보같다."
35,2017-06-01 18:45:52,3,"#89329번째울림
2017. 06. 01. 오후
<학교>
여러분 이제 디도 1층 발권하셔야해요!! 그냥 앉아계시는분이 많네욥!! 진짜로 진짜로 부정하고싶지만 시험기간이라능...ㅠㅠ 발권하시고 열공하자구욥 :^)"
36,2017-06-01 15:11:31,40,"#89320번째울림
2017. 06. 01. 오후
<사는얘기>
솔직히 이게 알박기용 임시 컨테이너 건축물이면 인관은 사실상 노숙이나 다름 없는 거 아닌가"
37,2017-06-01 15:11:29,4,"#89319번째울림
2017. 06. 01. 오후
<사는얘기>
남해안 일대의 조선소이이 경기침체로 인한 적자를 기획부동산 투기를 통해 만회하려는 모습이다."
38,2017-06-01 04:28:24,1,"#89288번째울림
2017. 05. 31. 오후
<사랑>
이틀 동안 단기 알바를 했어요. 바쁜 일이라 짧게 몇마디 주고 받고 뭐 특별한 것도 없었는데 그 회사에서 지원 나온 본사 여직원분이 아른거려요. 이름은 아는데 알바 지원한 연락처(주임님으로 추정)로 그 분 성함과 함께 남자친구 있는지 물어보면 어떤가요? 저녁이라도 한끼 먹고 싶은데..."
39,2017-05-31 23:26:08,49,"#89278번째울림
2017. 05. 31. 오후
<학교>
부모님이 저에게 공부로 너무 제촉을 하셔요..
저가 열심히해서 성대까지 오긴했지만 부모님은 전혀 만족을 못하시는거 같네요.

고3때 처럼 항상 도서관에서 공부만 하기를 바라는거 같고..

또 저가 mt가거나 친구들이랑 술자리좀 가진다고하면 맨날 싸돌아다니냐면서 저를 나무라네요..

또 부모님이 학점 A 받는걸 엄청 쉽게 생각하시고..

요즘 취업이 힘들다고는 하지만
그렇다고 해서 아직 대학생 1학년인데 벌써 3~4학년인것처럼 하루의 절반이상을 토익준비하고 시험준비하면서 행동할 수는 없잖아요...

그렇다고 해서 저가 공부를 아예 안하는것도 아니고 수업도 열심히듣는데...

좀 글이 두서가 없네요...ㅋㅋㅋ
참 막막해요. 아직 마땅한 꿈도 없는데 도대체 뭘 위해서 공부를 해야하는지도 모르겠고"
40,2017-05-31 23:26:04,12,"#89275번째울림
2017. 05. 31. 오후
<사랑>
이제 시험기간이고 곧 종강 실화냐????
종강 싫어요 정말로ㅜㅜ
종강하면 널 못보니까 우연히라도 마주칠수없으니까
너가 방학때 어디서 뭘 할건지 아예 모르니까
너가 자주가는 장소를 모르니까ㅜㅜㅜㅜㅠㅠ안돼"
41,2017-05-31 17:50:37,48,"#89262번째울림
2017. 05. 31. 오후
<질문/건의/의견>
대수우우웊! 길가다 갑자기 생각났는데
에바야~~이런말쓸때
에바참치 이러자나요..
왜 많고 많은 생선중에 왜 우리 사랑스런 참치를 써요!
에바자갈치 에바갈치 에바꽁치 에바삼치
많은데..
누구야 에바참치 첨쓴사람ㅡㅡ"
42,2017-03-28 01:06:33,5,"#84867번째울림
2017. 03. 27. 오전
<그 외 (위의 카테고리 외 기타 등등)>
오늘 천안함 사건에 대한 뉴스기사를 읽으면서 든 생각인데 저를 포함한 많은 사람들이 세월호 사건에 비해 천안함 폭침사건을 많이 기억하고 있지 않은 것 같더라구요... 물론 세월호사건도 있어서는 안되는 비극이었고 저도 세월호 사건 뉴스를 보면 아직도 눈물이 나지만 그래도 천안함 사건에도 그에 못지않은 관심을 가지는게 어떨까요? 차디찬 바다에서 나라를 위해 희생하신 분들께 최소한의 감사한 마음과 애도하는 마음이 있다면 세월호 못지 않은 관심을 가지는게 맞지 않을까요"
43,2017-03-27 23:19:37,4,"#84852번째울림
2017. 03. 27. 오후
<사랑>
따뜻한 바람이 불기 시작한다.
그 바람에 얹힌 꽃내음이 콧잔등을 간질이고
우리네 마음에도 바람이 들기 시작한다.
그 바람에 봄꽃처럼 풋풋하게 피어나는
연인들을 바라 보면서도
화석이 되어 굳어버린 나와는
거리가 멀다고 생각했다.

갑작스레 내 마음에도 봄같은 바람이 일었다.

기다리던 네가 마냥 반가운 나에게 살풋 짓는 미소에도
내 모든 소리에 귀 기울이던 네 눈웃음에도
함께 걷다가 문득, 살며시 불어오는 네 웃음 소리에도
수업 중 울리는 카톡 속에서 빼꼼 고개를 내미는 네 ㅋㅋ까지도

내 마음에 바람이 일게한다."
44,2017-03-27 23:19:26,2,"#84844번째울림
2017. 03. 27. 오후
<술..>
나는 아직도 너를 잊지 못한다

공부하다가, 누워있다가, 뜬금없이 울기도 하고

걷다가, 이유 없이 울적한 기분이 들기도 한다

나는 원래 이런 사람이 아니었는데, 너와 함께 했던 그 시간이 나를 바꿔놓았다

너와 함께 한 거의 모든 날들이 좋았는데, 거의 모든 날들이 좋았는데

좋지  못했던 날들이 다시 기억날까봐, 다가가기 두렵다"
45,2017-03-27 19:34:42,19,"#84842번째울림
2017. 03. 26. 오후
<저.. 진지합니다>
사랑이라는 게 도대체 뭘까요?"
46,2017-03-27 14:45:47,0,"#84830번째울림
2017. 03. 27. 오전
<치킨>
 여러분들의 의견이 궁금합니다
저에게 언제나 즐거움을 주던 존재가 있었어요. 제가 기쁠때면 맥주 한 잔과 같이 기쁨을 불려주고, 제가 기분이 안좋을때는 맥주 한 잔과 같이 슬픔을 잊게 해주었죠. 그런 존재를 제가 저를 위해서 내팽개친다면 여러분은 어떤 말을 하실 건가요? 저를 나무라실거면
.
.
.
.
모두 다이어트는 때려치고 치킨이나 먹읍시다. 치킨아 사랑해♡"
47,2017-03-26 23:52:52,87,"#84815번째울림
2017. 03. 26. 오후
<사랑>
12인데.. 신입생 아가랑 사겨요 너무귀여워요 ㅜㅜ 매일매일 심쿵사중.. 조심스럽지만 너무 햄볶아요 모두들 봄되세요 (아무도 모르지롱!)"
48,2017-03-26 10:29:15,1,"#84786번째울림
2017. 03. 25. 오후
<질문/건의/의견>
허턱 아름답게, 허턱 굉장하게, 허턱 유창하게 꾸미려든다. 허턱 아름답고, 허턱 굉장하고, 허턱 유창한 글은, 분과 베니를 허턱 바르는 것 같은 도리어 미를 상하게 하는 화장이다.

문장강화에 나오는 문장인데요 허턱들어가는 문장을 잘 이해를 못하겠고, 분과 베니의 의미를 모르겠습니다...
혹시 도와주실분 계시나요? ㅠ"
49,2017-03-25 20:15:54,3,"#84758번째울림
2017. 03. 25. 오후
<사는얘기>
전전전세를 들으면서 신경쓰인 점
몇 억 몇 광년 분의 이야기를 전하러 왔어
광년은 거리입니다"
50,2017-03-25 18:53:42,8,"#84752번째울림
2017. 03. 25. 오후
<술..>
'인간'으로 대하세요. '여자'를 잘 몰라서 그랬다고요? 지금 착각하고 있는 거에요. 생겨난 문제가 여자를 잘 몰랐기 때문일까요? 아니요. 적어도 인간 대 인간으로서 최소한의 예의가 겹겹이 쌓인 수많은 감정 속에 자리잡고 있던 인내심의 끝이 보이고 파탄에 이를 정도로 없었던 거에요. 아직도 문제 파악을 못하고 착각에 빠져 있겠죠. 여러 차례의 문제 발생 후, 여러번의 기회가 있었음에도. 인간으로 대하세요. 인간적으로 대하세요. 기본 개념은 갖고 말해요, 우리."
51,2017-03-25 17:33:44,75,"#84748번째울림
2017. 03. 25. 오후
<학교>
저는 영어 잘하는 여자가 좋아요. 제가 잘 못해서 그런지 영어 잘하시는 분들 보면 너무 부럽고 매력적인것 같아요. 나도 영어 잘하고싶다..................."
52,2017-03-25 08:21:34,8,"#84731번째울림
2017. 03. 25. 오전
<사는얘기>
안녕하세요 17 새내기입니다! 꿈에 그리던 대학에 입학하고 나름 괜찮은 대학 생활을 보내는 것 같지만 여전히, 어쩌면 더욱 저는 공허합니다.
저는 인간관계가 좁은 편이에요. 연락을 자주 하는 친구도 없고, 따로 만나는 친구는 그나마 1명. 그마저도 아주 친한 사이는 아니에요. 그 친구가 심심해야 저를 불러주는 관계죠. 
대학에 들어와서 아는 사람들은 많이 생겼지만 여전히 연락을 따로 하는 친구는 없어요. 강의도 엘씨 직권배정과 한 수업 빼고는 전부 혼자 듣습니다. 고등학교 때는 친구가 없어도 공부라는 명분이 있어 외롭지 않았는데 봄이 와서인지, 혼자 멍하니 보내는 시간이 많아져서인지 외롭다는 생각이 많이 들어요. 동아리라도 들까 생각을 해 본 적도 있지만 결국 신청은 안했어요. 어떡해야 이 공허함을 좀 지울 수 있을까요? 저는 사람을 만날 수는 있는 걸까요? 자신이 없어요.
오랫동안 친구가 없어서 그런가 다른 사람들하고 있을 땐 제 모든 행동이 어색해요. 고칠 수 있을까요?"
53,2017-03-24 19:28:13,15,"#84719번째울림
2017. 03. 24. 오후
<사랑>
바이브 - 별이 빛나는 밤에
바이브 - 별이 빛나는 밤에

제가 좋아하는 노래 중 하나입니다.
고3 자습시간때 이 노래 참 많이 들었었는데.....
우연히 이 노래가 버스에서 흘러나오길래
가사에 집중하다보니 조금 끄적여보고 싶어져서 쓰게됬네요.

어렸을때부터 저는 여자에 전혀 관심이 없었습니다.
초등학교 2학년부터 6학년까지 줄곳 반장만 해왔지만
곧 남중에 들어가게 되어
공부와 게임에만 관심이 있고 이성에 전혀 눈을 뜨지 않은채로 기숙사가 있는 고등학교에 입학하게 되었고
입학후에도 공부에만 집중하는 생활을 하려고 마음을 먹고 입학하게 되었습니다.

저희 고등학교는 남녀공학입니다.
하지만 저는 2년동안 남녀분반을 하게되었고
역시 남중과 다름없이 공부에만 찌든 삶을 살게 되었습니다.
공부외엔 다른 생활을 하지 않았기 때문에
이성엔 전혀 관심이 없는것 까지 변하지 않았습니다.

어렸을때부터 올꺼같지 않던 고3이 되고야 말았습니다.
주변에서 하는 소리
""너 인생에서 가장 중요한 시기야""라는 말이
그때는 이런 의미가 될지 알았을까요?

저는 여자를 보면 아무런 감정이 들지 않습니다.
그냥 예쁘면 예쁜 여자, 귀여우면 귀여운 여자.
딱 거기까지.
대쉬하고 싶거나 좋아한다는 감정은 평생 느껴보지 못했고
사랑이란 단어의 의미를 깨닫지 못했습니다.

이런 저에게 커다란 변화가 생겼습니다.
바라보기만 해도 기분이 좋아지고
자습도중에 꼭 한번씩 생각이 나고
자기전에 한번씩 머리에 그려보는
사람이 생겼습니다.

그 애는 그 누구보다도 먹는 것을 정말 좋아했었습니다.과자는 나나콘을,
아이스크림은 쿠앤크를 좋아했고
초콜릿은 허쉬 쿠키앤크림을 좋아했던 기억이 납니다.

그 애는 그 누구와도 친했습니다.
성격이 매우 좋아 그 누구와도 빨리 친해질 수 있는
친화력을 가지고 있었던 기억이 납니다.

그 애는 그 누구보다도 착했습니다.
갈등이 생겨도 어느 한 편에 서기 보다는
양측의 화해에 더욱 신경을 썻던 기억이 납니다.

그 애는 그 누구보다도 웃겼습니다.
그 애만 가지고 있는 특유의 리액션은
모두를 기분 좋게 만들었습니다.

처음엔 인정하기 싫었습니다.
누군가를 좋아한다는 것에 익숙하지 않았고
좋아한다는 감정을 받아들이기가 정말 힘들었습니다.

가끔씩 그 애는 저에게 질문을 하러 왔습니다.
그때마다 매번 떨렸고
질문 후에는 실수한게 있는지 없는지 제 자신을 매번 돌아보았고
실수한게 있었다면 하루종일 자책하기도 했죠.

그 애를 좋아한다고 확신이 들기 시작했습니다.
그 애가 다른 남자와 대화하는 것을 보면
질투가 나는 제 자신한테 놀라곤 했습니다.

그 애를 매일 바라보기 시작했습니다.
매일매일 그 애를 볼생각에 설레며 잠들었고
학교가는 것이 즐거웠습니다.
바라보는 것만으로도 입가에 미소가 돌았습니다.

그저 바라볼 수 있다는 것만으로도 너무 좋았습니다.

저는 어렸을때부터 항상 소심하다는 소리를 들어왔습니다.
안그래도 원래 말주변이 없는데
그 애 앞에만 서면 꼼짝없이 마네킹이 되어버렸습니다.
이런 제 자신이 너무나 한심했습니다.

그 애랑 너무나 친해지고 싶었습니다.
하지만 수능이란 큰벽이 다가오고 있었고
모두 민감하고 예민한 시기라 쉽사리 다가갈수가 없었죠.

수능이 끝나면 어떻게든 될 줄 알았습니다.
막연한 상상으로 하루하루를 버티며 수능을 보게되었습니다.

수능이 끝나면서 예상과는 달리 친해질 기회가 없었고
그 애와의 관계도 끝이 나고야 말았습니다.
저만 너무 급했던걸까요?
오히려 저의 실수로 인해 더 어색해지고야 말았습니다.
고백조차 하지도 않았는데 말이죠.

몇몇 친구들은 저에게 말했습니다.
너 정말 병신이냐고.
그렇게 힘들어할꺼면 고백하고 깔끔히 차이라고.

정말 수도없이 생각했지만
아무리 생각해도 고백은 정말 못하겠다고 생각이 들더군요.
그래서 결국 그 애를 잊기로 결심을 했습니다.
시간이 지나면서 잊혀질줄 알았습니다.

하지만 겨울방학동안에 매일 그 애 생각이 났고
그 때마다 좋아하는 음악으로 마음을 달래곤 했습니다.

개학을 하고 그 애를 보게 되었습니다.
한 층 더 성숙해진 모습.
너무 아름다워보였습니다.
그러면서 마음 한편이 더욱 쓰라려 왔습니다.

올꺼같지 않던 졸업식이 오고야 말았습니다.
모두 다 서운한지 울상을 짓고 있었고
평소에 잘 울지 않던 저에게도
울상짓는 그 애를 바라보기만 하는 제 모습에
너무 서럽고 힘들어서 눈물이 확 올라오더군요.

그 때서야 깨달았습니다.
그 애를 단지 바라보는게 좋았던게 아니라
그 애가 웃고있는 모습을 바라보는 것이 좋았던 것을.

졸업식때 그 애와 간신히 사진 한 장을 찍었습니다.
가끔씩 자기전에 그 사진을 보면서 잠이 들곤 합니다.

졸업후 시간이 지나고 대학교 OT와 새터를 가게되었고
개강을 하여 수업을 듣게 되었습니다.
대학교에는 정말 잘생긴 선배와 이쁜 선배들이 많더군요.

선배들을 볼때마다 설레기보다는 걱정이 들었습니다.
그 애 역시 잘생긴 선배를 보게될테고
그 애가 잘생긴 선배를 보고 그 선배에게 반한다거나
혹여나 그 애에게 남자가 생긴다는 생각이 들때마다
마음 한 편이 무너지는 느낌이 들었습니다.

우연히 친구를 통해 오랜만에 그 애의 소식을 들었습니다.
고등학교와 다름없이
그 애는 잘 살고 있는 것 같더군요.

솔직히 지금도 너무 보고싶습니다.
졸업한지 한 달이 넘었지만
아직도 자기 전 매일 그 애가 생각이 납니다.

졸업식을 기점으로 쿨하게 잊기로 해놓고
아직도 잊지 못하는 저는 미련곰탱이인가 봅니다.

하지만

이 글을 토대로
이제는 정말 놓아줄 때가 되지 않았나 싶습니다.

이제는 그 애를 완전히 잊고
미팅도 나가고 소개팅도 나갈 예정입니다.
마음에 드는 여자를 만나면 대쉬도 할거고
고백도 할 겁니다.

물론 그 애를 완전히 잊는다는건 거짓말이겠지만.

그리고
이 글을 쓰고 싶었던 목적.
그 애가 볼지 안 볼지 모르겠지만
이 자리를 빌어 그 애에게 하고싶은 말을 하려고 합니다.

""19년 동안 알지 못했던 사랑의 의미를 깨닫게 해줘서 고맙다고.""

끄적인다는 걸 감정에 젖어 쓰다보니
3시간이 훌쩍 지나버렸네요.

마지막 역시 제가 좋아하는 노래중 하나를 소개하는 걸로
마치려고 합니다.
이 노래의 마지막 구절이 참 마음에 와닿네요.

바이브 - 바래다 주는 길"
54,2017-03-24 13:27:32,6,"#84703번째울림
2017. 03. 24. 오전
<그 외 (위의 카테고리 외 기타 등등)>
모든 욕은 자체필터링 하겠습니다.
지하철 타고 학교오는데, 환승 줄에 웬 노인분이 새치기로 끼어들면서 사람들을 앞으로 밀길래 다시 앞으로 가려고 팔로 아주 슬쩍 밀었다; 
그랬더니 왜 줄서있는데 사람을 미냐고 xx을 하네.. 하필 과잠입고있었는데 후... 난 왜 거기서 어버버하면서 말도 제대로못했을까
노인공경이 다 뭐야ㅎㅎㅎㅎ 화난다 제발 노인분들 대중교통에서 질서좀 지켜주시길..^^ 
오늘 아침의 할아버지~ 남은 생에 하는일마다 안되시길 제가 간절히 기도할게요 ㅎㅎㅎㅎㅎㅎㅎ X XXX XXXXX XX XXXX XXX"
55,2017-03-24 12:12:37,59,"#84700번째울림
2017. 03. 23. 오후
<저.. 진지합니다>
안녕하세요 저는 이제 막 복학하여 학교에 다니고 있는 학생입니다. 저는 *** 학과에 재학중입니다. 우선 익명으로 글을 올리는 점부터 말씀드리겠습니다. 저희 진로의 특성상 교수님들과의 관계, 인맥등이 다른 과도 중요하겠지만 더욱 더 중요한 과입니다. 비겁한 것일 수 있다는 점도 알고 있으나 저희 과 학우들이 참고 말 못하는 점 저는 말하고 싶었습니다. 하지만 제 이름을 밝히며 말하는 것에 대한 대가와 보복이 너무나 두려워 이렇게 말하는 점 죄송합니다.

저희 과는 *** 라는 과목이 있습니다. 6학점 과목으로 스튜디오별로 약 10명정도가 1분의 교수님과 함께 매주 2회 약 6시간 씩 총 12시간 가량 수업을 진행하고 한학기당 특정한 프로젝트 (주택, 유치원, 문화센터, 공동주택, 오피스)를 개인 또는 소규모 팀으로 진행을 하게 됩니다. 문제는 이번 학기 프로젝트가 한번도 겪지 않았던 조금은 생소한 프로젝트입니다. 생소한 프로젝트여서 불만을 가지는것이 아닙니다. 바로 그 프로젝트를 하면서 진행하는 워크샵이 문제입니다. 워크샵 할 수 있는것도 알고 있습니다. 학기중 워크샵이 진행되는 경우 2~3일 정도 진행하는 경우 있었습니다. 저도 겪어봤습니다. 하지만 이번 워크샵은 약 10일간 진행되며 10일 동안 다른 전공, 교양 과목 수업 참여를 통제하였습니다. 후에 사유서를 제출할테니 교수님들에게 미리 말하라는 것입니다. 말 그대로 10일 가량, 주말을 포함하여 다른 수업이나 사정이 있더라도 저희는 워크샵에 참여해야 합니다. 사전에 미리 공지된 것도 아니고 약 1주일 전 그렇게 공지가 왔습니다. 저희는 물론 *** 라는 과목이 매우 중요한 과목이고 말 그대로 저희 과에 메인 과목입니다. 하지만 그로 인해서 나머지 다른 과목들을 모두 제껴두고 워크샵에만 집중하라는 것은 조금은 아닌 것 같아 여러분들의 의견을 묻는 것입니다. 저희과 돈도 많이 필요합니다. 돈 없으면 말그대로 모형도 만들 수 없고 퀄리티도 떨어지다 보니 대부분의 저희 과 학생들은 작은 아르바이트라도 하면서 학교를 다니고 있습니다. 하지만 저희는 그 10일간 다른 수업을 들을 수도 아르바이트를 할 수도 다른 개인적인 사정이나 일들도 할 수가 없습니다. 저희의 동의를 받은것도 아니고 미리 사전에 공지가 된것도 아닙니다. 저희 담당 교수님이 외국인 교수님이다보니 한국 대학교의 시스템을 이해하지 못하신 건가라는 생각도 했지만 저희 과에 오신지도 꽤 되셨고 아실겁니다. 원래 함께 저희 학년을 담당했던 교수님이 올해 안식년으로 인해서 부재중이다 보니 의견 전달이 잘 되지 않은건지, 학생들과 조교를 비롯하여 교수님들과도 현재 의사소통이 조금 힘든 것도 있습니다. 너무 힘듭니다. 저희는 이 과목만 바라보고 학교를 다니고 졸업해야 하는것인지 큰 소리를 내기에는 이후의 보복과 대가가 너무나도 두렵습니다.

글이 길어 읽기 힘드신분들 있으실 수 있어 정리해서 말씀드리겠습니다.

1. *** 라는 과목은 6학점, 주2 6시간씩, 학년별,10명당 1분의 교수님과 함께 스튜디오식으로 진행
2. 이번 프로젝트에서 워크샵을 진행할 예정이니 약 10일간(주말포함) 다른 전공, 교양 수업 교수님께 수업 참석이 어려울 것이니 미리 말하라라고 일방적 전달
3. 사전에 전달 없이 참여하라고 연락을 받은 후 참여를 하지 않을 시 불이익이 생길 수 밖에 없는 상황
4. 사전에 다른 과목 교수님들께도 양해가 구해지지 않은 것이며 온전히 피해는 수업을 듣는 학생들이 받을 수 밖에 없는 상황
5. 학생들은 이에 대해 불만을 가지고 있으나, 과의 특성상 추후 교수님들과의 관계 및 학점(6학점이다보니)과 관련한 대가와 보복이 두려워 말을 하지 못하고 있는 상황
6. 담당하던 한국인 교수가 안식년으로 부재중이라 외국인 교수가 주로 학년을 도맡아 하고 있으나, 일방적인 의사소통으로 인하여 학생들이 아무것도 할 수 없는 현실.
7. 과의 특성상 항상 금전적으로 어려운 부분이 있는 상황이라 수업 뿐 아니라 공강과 주말에는 아르바이트를 병행하는 친구들도 많지만 그러한 개인적인 사정도 보장이 되지 않는 상황.

많은 학우 여러분들이 한번만 시간내셔서 귀기울여 봐주셨으면 합니다. 제발 부탁드립니다.
학생회나 교수님께서 직접 만나서 이야기하자, 누군지 연락달라라고 하신다는 의견이 나온다면 비겁할 수 있지만 작게나마 내었던 저의 용기가 아무런 의미가 없을 것 같습니다. 한번만 관심 가져주시면 감사하겠습니다."
56,2017-03-23 16:39:51,0,"#84662번째울림
2017. 03. 23. 오후
<사는얘기>
캠퍼스가 너무 따뜻하다
봄이 온 것 같다
날씨도 너무 좋고 
동기들도 너무 좋고
다 좋은데
너만 없네

보고싶다 너가"
57,2017-03-23 10:25:35,1,"#84649번째울림
2017. 03. 23. 오전
<사랑>
참 옛 사랑이란게 잊기 힘드네요... 가끔가다 보이는 그 친구의 사진들.. 그리고 그 옆에 있는 남자친구의 모습까지... 그런걸 볼때마다 '아... 저 자리에 내가 있었으면 어땠을까....'하는 생각도 들고 말이죠... 갑자기 문득 그런 생각이 드네요 ㅎㅎ... 참 나쁜생각이죠.. 그냥 술 먹고 문득 그런 생각이 들어 주정이나 부려봅니다...ㅎㅎ"
58,2017-03-23 09:15:48,0,"#84641번째울림
2017. 03. 23. 오전
<사는얘기>
요즘 드림카가 생겨서 이것저것 알아보니, 이걸 사기 위해서는 연애나 결혼을 하지 않고 부모님 집에 살면서 출퇴근을 해야한다는 결론이 나왔습니다.
제가 드림카를 사는데에는 아무런 문제가 없을 것 같네요.
내년에 입사 예정이니까.. 월 이백씩 저축해서 삼년뒤에 살 수 있네요. 개이득ㅎㅎ"
59,2017-03-22 22:52:08,0,"#84623번째울림
2017. 03. 22. 오후
<사랑>
잘생기고 착한데 어떻게 안 좋아해요.
잘생긴 오빠랑 아이컨택한 순간 떨렸는데 너무 친절하게 대해주셨잖아요.
여자친구랑 오래 가시고 저는 저 좋다는 사람 기다릴게요."
60,2017-03-22 20:05:11,68,"#84616번째울림
2017. 03. 22. 오후
<사는얘기>
공대 21학점 다음주까지 해야하는 과제 13개 실화냐
과제 적다면서요 선배님들..."
61,2017-03-22 17:11:13,7,"#84613번째울림
2017. 03. 22. 오전
<학교>
(딥빡주의)

 저는 이제껏 세상의 무엇이던지 인위적으로 만들어진 것들은 저마다의 존재의 이유가 있다고 생각을 해왔습니다. 분명히 무슨 목적이 있기에 만든 것이겠지 라면서 말입니다. 그런데 그 생각은 이번학기 들어서 틀린것임이 입증된것 같습니다. 이번학기에 제2공대에서 수업을 들으면서요.
.
.
.
아니 어떤 정신나간 인간이 책상을 그딴걸로 바꾼거야 뇌에 치킨먹다 생긴 기름기로 가득차있나"
62,2017-03-22 17:11:11,5,"#84611번째울림
2017. 03. 22. 오후
<취향입니다 존중해주시죠>
A : 당신이 뭔데 나한테 이래라 저래라 참견이야? 내가 시금치를 먹던 말던 당신이 뭔데 참견이냐고?

B : 니 엄마

A : 네, 맛있게 먹을게요.
.
.
.
실제로 모자가 주고받는 대화, 내가 봐도 둘이 싸우는것 같다."
63,2017-03-22 13:58:55,12,"#84610번째울림
2017. 03. 21. 오후
<성균문예>
쾅!
통로를 막고 있던 잔해들이 얼음벽으로 들여 올려졌다. 얼음벽으로 대충 세워진 통로는 사람 한두명이 움직이기엔 큰 무리가 없는 크기였기에 하나와 메이는 충분히 지나올 수 있었다.
“콜록콜록. 아무리 생각해도 이 유적은 너무 먼지가 많은 것 같아요.”
“뭐, 옴닉 사태 이후 아무도 들어오지 않았으니까요.”
“그런 걸 생각해도 너무 많은 걸요. 아누비스 신전도 이정도는 아니였는데. 여기는 정글이면서 이게 뭐람.”
하나는 손사래를 치며 먼지를 털어내면서 불평했다. 메이 역시 마스크로 입을 가리면서 말했다.
“이제 조금만 더 가면 유적의 중심 부에요. 여기선 오른쪽으로.”
“이제야 슬슬 끝이 보이네……”
하나는 자신의 권총을 빙글빙글 돌리면서 손전등을 들고 앞서 나갔다. 딱히 아무런 적도 나타나지 않는 유적. 보이는 것이라고는 끊임없는 돌벽과 곳곳에 자라난 식물들 뿐이면서 복잡하기는 미로처럼 복잡해서 계속 지루해 하던 참이었다. 
“오! 메이 언니. 저기 보여요!”
“그러….”
코너를 돌자 보이는 장소는 유적 안 이라고 생각하기 힘든 넓은 광장. 오랜 시간이 지나 색이 바랜 돌벽은 푸른 넝쿨들이 뒤덮고 있었고, 무너진 천장에서 간간히 내려오는 햇빛이 유적안을 밝히고 있었다. 넓은 광장 안에는 긴 길과 그 양 옆을 지키는 ? 이제는 무너져서 형체도 알아보기 힘든 ? 석상들이 보였고, 그 끝에는 그녀들이 찾고 있던 상자가 보였다. 그러나 동시에 그들에게 보인 것은
수많은 전쟁 옴닉 ? 바스티온 - 개체들.
들고 있던 손전등이 떨어졌다.

“메카 가동!”
하나는 빠르게 메카를 호출하였다. 그리고 자동 방어 매트릭스를 전개. 바스티온의 공격을 막을 준비를 했다. 그러나……
“공격이 안 와?!”
“아니, 그보다는 모두 없어진 바스티온들이 왜 여기 있죠?”
두 사람 모두 당황해서 소리쳤다. 이미 모두 망가져서 없어졌다고 알려진 바스티온 개체 ? 오버워치의 별난 바스티온을 빼고는 ? 들이 수십 체나 있는 것이었다. 다행히도 모두 활동을 중지한 것인지, 수많은 바스티온들은 미동조차 하지 않았다.
“다행이네요. 지금 상황에선 피하는 것 말고는 아무 것도 못 했을 텐데.”
“설구가 있으면 다 얼릴 수 있지 않아요?”
“설구도 격추 당하면 작동 중지되거든요.”
바스티온 모두가 기동 중지되었음을 확인한 둘은 안심했다. 메이는 전등을 다시 들었고 하나는 다시 상자를 향해 걸어갔다. 물론 바스티온이 조금이라도 행동을 개시하면 대처할 수 있게 경계하며 걸어갔다. 다행히 그들이 상자에 다다를 때까지 하나의 바스티온 조차 움직이지 않았다.
“내가 엄호할 테니, 얼른 상자 안을 챙겨요.”
“알았어요.”
메이가 상자를 열려고 낑낑댈 동안, 하나는 바스티온들을 예의 주시했다. 여전히 바스티온들은 미동조차 하지 않았다. 완전히 가동중지 했나 보네. 하나만 있어도 무시무시한 바스티온들이 수십마리나 있다니. 전투옴닉이…
순간, 잊고 싶은 기억이 떠올랐다. 바다에서 솟아난 거대한 옴닉 괴물. 옴닉이 쏟아내는 어마어마한 수의 미사일들. 그리고 그 미사일이 향하는 곳에 있는 수많은 사람들.
으레 이 기억을 떠올릴 때 마다, 절망감에 정신이 아득해 졌다.
아니야. 
하나는 고개를 휘저으면서 기억을 잊기 위해 노력했다. 지금은 그게 중요한 게 아니야. 정신을 다잡기 위해 안간힘을 썻다. 저 바스티온은 전혀 위험하지 않아. 다 가동중지 했다고.
그러나 문제는 다른 곳에서 나타났다.
“….아무것도 없어요!”
“네?”
없다니? 그들이 찾는 것은 분명히 여기 있을 터였다. 오버워치가 찾은 수많은 증거들이 가리키는 유일한 유적인데?
“어머, 혹시 이거 찾는 거야?”
갑자기, 아무도 없던 바스티온들의 사이에서, 또 다른 사람이 나타났다. 그들이 찾던 상자 속 유물을 들고는.

“솜브라!”
“어머, 내가 나이가 더 많은 걸로 알고 있는데. 그래도 너무 막 부르는 거 아니야? 디바 양?”
하나와 메이, 그리고 솜브라는 동시에 서로에게 총구를 겨누었다. 그러나 양쪽 다 함부로 공격을 시작하지는 않았다. 솜브라에게는 저 유물이 있고, 하나에게는 방어 매트릭스가 있으므로.
“뭘 믿고 그렇게 여유 만만이야? 아무리 그래도 지금 2대 1이라고.”
“글쎄…. 왜 일까?”
수적 열세에도 불구하고 솜브라는 여유만만하게 웃었다. 그 웃음이 너무나도 불쾌해서, 하나는 순간 소름이 돋았다.
“근데……산수가 잘 못 된 거 아냐?”
솜브라는 키득키득 웃으면서 여유롭게 바스티온 사이를 걸어 다녔다. 솜브라를 경계하며 하나와 메이는 조금씩 거리를 좁혔다.
“무슨 소리인지. 당신이 혼자라는 건 잘 알고 있어요. 다른 탈론들은 우리 오버워치가 모두 감시하고 있다고요.”
“하! 탈론이라. 모르나 본데, 탈론 말고도 나에겐 친구들이 많아.”
솜브라는 천천히 소총을 내리며 말 했다.
“예를 들면 주위의 이 친구들 말이지……”
“…….?”
“메이 언니. 솜브라를 막아요!”
오싹. 하나는 무슨 일이 벌어지려 하는지 알기도 전에, 위험을 감지했다. 그 어떤 프로게이머도 따라올 수 없는 그녀의 직감과 반사신경. 그러나
“늦었어! EMP 발동!”
솜브라의 해킹이 광범위하게 작렬. 순간, 하나의 메카의 대부분의 기능이 상실되었다.
부스터 비활성화. 자동 격추 매트릭스 비활성화. 자폭 시스템 비활성화.
아마 메이의 도구들도 마찬가지일 것이다. 그러나 그보다 더 큰 문제는.
“그럼, 내 친구들이랑 잘 놀라고. 이쁜 꼬맹이들.”
솜브라가 위치변환기로 사라진 후, 남은 것은.
해킹 당해 가동을 시작한 수많은 바스티온들.

미친듯이 격추했었다. 남은 디바 개체는 그녀 혼자. 아직 업그레이드 되지 않아, 모두 수동으로 조작해야 하는 방어 매트릭스. 거대 옴닉이 쏟아내는 끊임없는 절망 속에서, 그녀의 메카는 하나의 빛이였다. 눈앞에 보이는 모든 범위를 커버하며, 그녀는 사람들을 지켰다. 그러나 수천개의 미사일에 비해, 그녀의 손은 2개 뿐. 빛은 한줄기 뿐이었다.
“안돼!”
미사일은 곳곳을 격추하고, 건물은 붕괴하고, 비명이 곳곳에서 들려왔다. 이곳은 지옥일까. 그녀는 디바. 모두를 지키기 위해 훈련된, 영웅. 그러나 그곳에서 그녀는, 디바가 아닌 하나, 한 명의 소녀일 뿐이었다. 할 수 있는 것은 그녀 몸 하나 건사하는 것 뿐인. 그리고 그녀는 홀로, 살아남았다.
피가 차갑게 식고 절망이 그녀를 뒤덮었다. 불가능해. 수많은 바스티온들. 바스티온 하나가 쏟아내는 탄막은 그녀가 익히 잘 알고 있었다. 자동격추 시스템마저 간간히 뚫고 오는 바스티온의 공격. 하물며 수십의 바스티온은? 그 때보다, 더 절망적인 상황.
그 순간, 그녀는 다시금 옛 기억이 떠올랐다. 홀로 살아남아서, 그 잔해 안에서, 눈물을 흘리며 했던 다짐. 
다시는 누구도 내 앞에서 다치는 일은 없게 할거야.
나는 디바. 모두를 지키기 위해 존재한다.

“언니 설구를 고쳐요! 내가 막고 을 게요!”
“하나? 당신도 메카가 정상이 아니……”
쿵. 쿵.
하나는, 디바는 메이의 앞을 막아 섰다. 수십 체의 바스티온에게 맞서서.
“나는 디바. 내 역할은, 누군가를 지키는 것.”
“…..알았어요! 조금만 버텨줘요!”
메이는 정신을 차렸다. 송하나의 뒤에서, 디바를 믿고는 즉시 기능 정지한 설구를 고치기 시작했다. 그런 메이를 뒤에 둔 하나는.
천천히 숨을 내쉬었다. 할 수 있어.

넷 들이쉬고 넷 내쉬고.
생애 첫 우승, 그 때 그녀가 되뇌었던 마법의 주문.
수십, 적어도 오십이 넘는 바스티온들의 안광이, 붉게 물들었다.
셋 들이쉬고 셋 내쉬고.
하나의 피는, 차갑게 식었다. 하지만 이것은 절망이 아니다.
그들의 기계적인 본능으로, 프로그래밍 된 대로, 가장 가까운 거리의 인간을 인식.
둘 들이쉬고 둘 내쉬고.
그리고 디바의 손은, 수동 격추 시스템(방어 매트릭스)을 활성화.
가장 가까운 적. 디바. 수십 체의 바스티온들이 동시에 디바를 인식하고.
하나 들이쉬고.
기이잉. 철컥.
동시에 경계모드 활성화.
하나 내쉬고.
투두두두두두!
수백개의 탄환이 탄막을 형성하여 디바를 향해 쇄도한다.
게임 시작.

그 순간, 디바의 세상은 말 그대로 느려졌다. 음속의 3배에 육박하는 속도로 날아오는 수천개의 총알들. 그러나 그녀에게 있어서 마치 슬로우 비디오와 같았다. 만물의 시간이 멈춰 있을 때, 홀로 춤추는 디바. 가장 먼저 날아오는 총알 격추, 그 다음 총알 격추, 그 다음 총알 격추, 그다음, 그다음, 그다음, 그다음……
바스티온들의 개틀링건은 기계적이면서도 정확한 공격을 내뿜는다. 셀 수도 없는 탄환의 궤도. 그러나 송하나, 디바는, 인간의 한계를 뛰어넘어 수천개의 총알의 궤도를 읽는다. 
더 빨리. 더 정확히. 더. 더.
하나를 격추하면 그 다음을, 또 그 다음을. 지금 그녀의 눈은 모든 총알을 인식하고, 그녀의 손은 보이지도 않을 정도로 빠르게, 동시에 정확하게, 인식한 총알들을 격추한다. 그야말로 디바, 전설의 프로게이머의 컨트롤. 미처 반응하지 못한 총알이 그녀의 뺨을 스치고, 팔을 꿰뚫고, 메카를 부순다. 하지만 그녀의 세계에서는, 고통조차 잠시 멈춘다. 지금 당장 내가 할 일은, 메이를 지키는 것.
몇 초, 또는 어쩌면, 디바 그녀에게 있어서는 마치 몇 시간과도 같은 시간이 지났을 때, 동시에 불을 뿜던 바스티온의 총열은 또한 동시에 멈추었다. 동시에, 그녀의 세상도 다시 제자리의 속도로 달리기 시작했다.
“언니, 지금!”
“알았어요!”
메이는 설구를 던졌다. 바스티온이 탄약을 보충할 때의 속도는 2초. 다행히 같은 오버워치 소속의 특별한 그 옴닉 덕분에 그녀 둘 모두 알고 있었다. 그리고 2초는, 설구에게 모든 것을 얼려 버리기엔 충분한 시간이었다. 바스티온들의 시간은 다시 멈추었다.

“……이상 보고를 마칩니다.”
하나는 모리슨 사령관에게 보고를 끝 마쳤다.
“……알았다. 둘 모두 치글러 박사에게 가서 치료를 끝 마치도록.”
““알겠습니다.””
두 사람이 나가고 나서, 모리슨은 생각에 잠겼다.
“……분명 우리 오버워치에 누군가 첩자가 있어…”"
64,2017-03-22 12:58:35,180,"#84602번째울림
2017. 03. 21. 오후
<학교>
현시각 아이캠퍼스 안전교육 과목QnA 게시판 대참사...
안전교육 이수했다고 자랑하는중..."
65,2017-03-22 11:24:14,3,"#84596번째울림
2017. 03. 22. 오전
<치킨>
 내가 어떻게 키워온 뱃살인데... 세달동안 1주 평균 3치킨 이상씩 해가면서 힘겹게 키워온 뱃살이... 한달도 안되어서 다 사라지다니 ㅜㅜ 제 자식같던 녀석이었는데 가슴이 아파오네요.
.
.
.
.
네 염장 맞습니다. 깔깔깔"
66,2017-03-22 09:49:26,36,"#84595번째울림
2017. 03. 21. 오후
<사는얘기>
여친과 여행을 가겠다는 아들에게 어머니는 
""자기 몸 소중한 줄 모르는 그런 부류의 애는 가까이 하지 않는게 좋다""고 말씀하셨다.

그래서 나는
""남의 인생 함부로 씹어대는 아주 못된 습관을 가진 인간이야말로 가까이 하지 않는게 좋다..""
맞받아쳐준 후 집을 니왔다.

울엄마가 진심으로 사과하고 내 눈 앞에서 고해성사를 하기 전까지는 여친 집에 있을 예정이다. 진실된 반성문을 문자로 보내기 전까지는 전화도 안받을거고 답장도 안할 것이다. 
따끔한 자식의 사랑이 필요한 때다."
67,2017-03-21 23:06:07,30,"#84562번째울림
2017. 03. 21. 오후
<사는얘기>
여행 메이트 있었으면 좋겠어요... 율전녀이라 여사친 자체가 얼마 없는데 그나마도 다들 남친있거나 여행 별로 안좋아하고 안가려는 친구들 밖에 없어서 매번 혼자다니는데 혼여행도 좋지만 저는 친구 1명이나 2명 같이 다니는걸 좋아해서요 ㅠㅠㅠ 또 남친이랑 가는 여행 말고 친구랑 다니는 여행 하고 싶은데... 여행동아리 이런건 한번에 많은 사람들을 만나야 해서 부담시럽고 주말에 가까운데 놀러다닐 수 있는 친구가 절실히 필요함을 느끼네요 ㅠㅠㅠㅠㅠㅠㅠ"
68,2017-03-21 09:05:31,2,"#84533번째울림
2017. 03. 21. 오전
<사랑>
흐아아아앙 이젠 절대 선톡같은 거 안할거야ㅠㅠ 나는 진짜 용기내는건데 너는 매번 그런식이냠!! 짝사랑 너무 슬프다~~ㅜ"
69,2017-03-21 09:05:28,6,"#84531번째울림
2017. 03. 21. 오전
<사는얘기>
 하루하루 미치지 않기 위해 무너지지 않기 위해 버틴다. 버티는 삶에 관하여 라는 책이 베스트 셀러 진열대에 있는 것을 본적이 있다. 읽어보진 않았지만 무너지지 않기 위해 안간힘을 쓰고 있는 우리들의 얘기이지 않을까 혹은 그렇게 살아갈 우리들 미래의 얘기이지 않을까.
 난 김제동 스타일의 희망적인 메세지를 주는 강연을 좋아하지 않는다. 눈가리개일 뿐이다. 현실은 생각보다 훨씬 냉소적이다. 눈가리개로 가려놓은 현실은 다시 그 덮개를 벗을때 더 큰 괴리감으로 다가올 뿐이다.
 주워들은 얘기로 불교에서 인생살이를 고해를 헤엄치는것으로 비유한다고 한다. 고통스러운 바다를 헤엄치는 것이다. 헤엄치는 순간순간이 괴롭지만 멈출 수 없다. 멈추면 끝없는 심연으로 가라앉을 뿐이다. 어찌보면 정말 적절한 비유이지 않나 생각이 든다.
 어디에도 마음 붙일 곳이 없다. 어떤것을 해도 의욕이 없다. 방안에 홀로 있는 지금 내겐 사무치는 외로움과 쓸쓸함만이 있을뿐이다.
 영화 로건에서 찰스와 로건은 적들로부터 도망치는 와중에 평범한 한 가정집에서 저녁식사를 한다. 미소띈 대화도 오고간다. 하루하루 피를 말리는 상황 속에서 잠깐이지만 평범하고도 행복한 저녁을 보낸다. 그때 찰스는 로건에게 '이런게 삶이야' 라는 말을 던진다.
 하루하루 힘겹게 버티며 나아가지만 이런게 삶이구나 하며 미소짓게 만드는 소소한 무언가가 우리를 계속 살게한다. 내게도 그 무언가가 있지 않을까. 그런 순간을 느낄일이 오지 않을까. 생각하며 지금도 버틴다.
 내일은 나도 행복한 미소를 지을 수 있기를."
70,2017-03-20 20:46:00,4,"#84504번째울림
2017. 03. 20. 오후
<인간관계>
고딩때는 친구 걱정같은건 하나도 없었다
난 학교의 인맥왕이였고 언제 누구랑 무슨 얘길 하든 어색하지 않았다 영원히 이렇게 살 줄 알았다
그리고 대학을 왔다
갑자기 주변이 텅 비어버렸다
외롭다
나 빼고 다들 친한거같다
내가 모르는 사이 동기들은 이미 다들 친해져서 어디선가 내 얘기를 하고있을까봐 두려워졌다
언제나 왁왁 시끌벅적했던 주변이 고요해져서 눈물이 날 것 같다
외로워"
71,2017-03-20 18:14:00,98,"#84493번째울림
2017. 03. 20. 오후
<사는얘기>
오늘 물리수업을 듣는데 갑자기 고3 단톡방에 글이 올라오기 시작했다. 벌써 모임이라도 갖으려는 걸까 그리운 마음에 확인해보니 고등학교 물리 선생님이 돌아가셨다는 내용이었다. 물리 선생님은 고3 부담임 선생님이셨는데 우리반은 늦게 연락이 닿아 오늘 오전8시 장례식이 이미 끝난 뒤에 알게 된 것이었다. 정말 물리를 좋아하시고 아이들을 좋아하시고 수업에 열정적이시며 고3 때 스트레스로 자주 몸이 아플 때 마다 항상 괜찮냐고 물어봐 주시던 분이셨는데 마지막 인사도 드리지 못했다는 사실이 마음 한구석을 무겁게 짓누른다. 정말 좋으신 분이셨으니 좋은 곳에 가셨을 것이라고 믿는다. 존경하고 사랑하는 선생님 지금까지 정말 감사했습니다. 남 부끄럽지 않는 제자가 되겠습니다.

거센 바람속에서도 의연하시던 모습을 추억하며
초록빛 제자올림"
72,2017-03-20 15:49:14,1,"#84492번째울림
2017. 03. 20. 오전
<사는얘기>
이제 헤어진 후 시간이 어느정도 흘렀어 
조금 괜찮아진것 같아서 그랬는데....  이번에 알수있었어 난 과거에 멈춰있는걸 난 계속 기다릴게 니가 너무 힘들고 날 다시 만나고싶어하는 날이 온다면 계속 기다릴게 바보처럼 자존심 강하던 내가 너한테는 모든 자존심도 버리고 기다릴게 한달이든 1년이든"
73,2017-03-20 12:57:46,8,"#84485번째울림
2017. 03. 20. 오전
<사는얘기>
이젠 연애에 대한 기대가 없어졌다는 것이
너무 무섭다"
74,2017-03-20 12:57:42,153,"#84482번째울림
2017. 03. 20. 오전
<술..>
얘들아.. 생일주 타는건 좋은데 술만 넣어줘.."
75,2017-03-20 02:01:28,2,"#84450번째울림
2017. 03. 19. 오후
<사랑>
익명  오빠  내 마음 조금씩 티낼려고 잘해주고 있는데 오빠가 곰인건지 모른척 하는건지 그냥 친하다고만 생각하는건지 모르겠다 난 엄청 좋아하는데  내가 별로면 부담스러울수 있고 보기도 껄끄러워 질수 있는거 알아서 무척이나 조심스러운데 이런 내마음을 아는지 내가 포기해야되는건지 나는 오빠를 보고만 있어도 좋은데ㅠ 라고 보내주세요!"
76,2017-03-19 13:42:25,1,"#84421번째울림
2017. 03. 19. 오전
<사랑>
너랑 갠톡하고 싶었어. 그래서 어떻게 할까 고민도 많이 한건데. 결국 조금의 대화 후 읽씹이라니 마음이 조금 아프다ㅠㅠ 어떻게 해야 티나지 않게 계속 이어나갈 수 있을까요?... ㅡ짝사랑중인율전여자"
77,2017-03-19 13:42:21,32,"#84418번째울림
2017. 03. 19. 오후
<사랑>
같은 LC의 여자애가 너무 좋아요
근데 제가 말주변이 그리 좋지도 않고, 특히 카톡을 하면 더 그래서 카톡하면서 어떻게 얘기를 이어갈지 모르겠어요
같은 lc다보니 밥도 같이 먹을 수도 있는건데 괜히 그런얘기하면서 너무 티나는거 같기도 하고 실수한건 아닌지 걱정도 돼요
새학기다보니까 술자리를 많이 가질텐데 얘는 술을 조금만 마셔도 얼굴이 빨개져요.
근데 정신은 멀쩡해요. 하지만 보는 입장에선 그게 결코 안심이 안되죠...
술기운 올라오는게 보이면 누구든 챙겨주는 편인데 얘는 제가 다른애들 대하듯이 아무 마음없이 챙겨주진 않는다는걸 알긴 할까요
연인 사이에 '내꺼' 라는 소유의 의미를 가진 단어가 적절하지 않다는 것은 잘 알아요.
하지만 다른 남자들이 쉽게 작업걸지 못하게, 마음편히 둘이 같이 있고 싶은 마음에, 그리고 제가 남 눈치 안보고 아낌없이 챙겨줄 수 있게 '내꺼'로 만들고 싶다는 생각이 계속 들어요.
최근들어선 꿈에도 나와요. 좋은 내용은 아니에요.
카톡 프로필을 누르니까 배경사진이 남친사진이에요. 그걸 보고 놀라고 잠에서 깨요. 
실제로도 이 친구가 다른 남친이 생기면 어떡하지 하는 생각도 들어요. 
제가 뭐라고 이렇게 혼자 일방통행하고 온갖 걱정을 하는지 가끔 한심하기도 해요.
벚꽃이 필 때쯤이면 같이 여의도에 가고 싶네요."
78,2017-03-19 12:18:04,4,"#84416번째울림
2017. 03. 19. 오전
<사는얘기>
안녕하세요 대숲

1년 4개월 전에 헤어진 남자친구를
이제 와서 너무 잊지 못하겠어요
헤어질 때 모질게 굴어서 너무 미안하지만
이제서야 그리워 밤마다 연락하지 못하게 손을 묶어 놓을까 고민해요

하루에도 몇번씩 
그사람 생각에 마음이 아려요
내가 끝냈으니까 더이상 상처주면 안된다 생각하지만
마지막으로 조금 욕심을 내서 연락 한통만 해보고 싶네요

잘 살고 있냐고 
너무 미안했다고
그리고 보고싶다고

다시 돌아와 달라 말하는건 너무 이기적이겠죠
저보다 훨씬 좋은 사람 만났으면 좋겠어요
사랑할 줄 알고 사랑 받을 자격 있는 사람이었어요
이젠 주는 사랑보다 큰 사랑 받으면서 행복했으면 좋겠습니다

그리고 꼭 말해주고 싶은건
그때 내가 많이 좋아했던 것 같다고
표현 너무 못했지만 많이 좋아했다고, 
나도 매일 달이 참 예뻤다고

그렇게 말해주고 싶어요"
79,2017-03-19 12:18:03,0,"#84415번째울림
2017. 03. 19. 오전
<치킨>
하...한번밖에 보지 않았지만 갑자기 슬금슬금 생각나는데 성격이 고x라(나쁜뜻x 단지 소심한) 다가가기 힘들다 ㅠㅠ 
군대도 갔다오니 더욱 더 본 성격이 강화되어 남자들하고 있는게 편하다.
이쯤 되면 오는 족족 밀어내는 밀기 선수 될 것 같음. 
밀당 고수분들 하는거 볼때마다 절레절레..하면서도 한번쯤은 그런 스킬이 부럽다.
고로 결론은(?) 그 분이랑 친해진다면 닭다리 두개정도야 얼마든지 양보하고 싶은 어느 보칵생의 소원?"
80,2017-03-19 01:40:03,7,"#84394번째울림
2017. 03. 18. 오후
<학교>
징검다리 c트랙에 관해서 학생회와 학우들이 논의할수있는 기회는없나요? 전학대회든 아니면 특별회담을 통해서든요. 장학금이  지나치게 가난한학생 생활지원비로만 가는건 문제가크다고생각합니다."
81,2017-03-18 21:24:10,3,"#84383번째울림
2017. 03. 18. 오후
<인간관계>
인간관계 어렵다는걸 새삼 느낀다
그리고 인간관계가 어려운 이유의 80% 정도는 '연애'에서 발생하는거 같다
연애를 안하기도 좀 그렇고 어찌해야 할까"
82,2017-03-18 17:37:19,35,"#84371번째울림
2017. 03. 18. 오전
<그 외 (위의 카테고리 외 기타 등등)>
명륜관쪽 출입문 근처 gs25시 쪽에서 자취하는 사람인데요ㅠㅠ
요즘 저희가 돌봐주던 고양이 중 한마리가 보이지 않아서 걱정돼서 올려봅니다.
굉장히 애교많고 야옹만해도 멀리서 냥냥냥하면서 쫓아오던 아인데... 하도 사람을 안가려서 누가 데려가서 키우시는건지 무슨 일이 생긴건지 걱정입니다ㅠㅠ"
83,2017-03-18 17:37:12,0,"#84368번째울림
2017. 03. 18. 오전
<인간관계>
나를 좋아해주는 사람과 내가 좋아하는 사람사이에서 갈등되면 어떻게 해야하죠...."
84,2017-03-18 10:17:37,48,"#84350번째울림
2017. 03. 17. 오후
<취향입니다 존중해주시죠>
FINGERTIP~~ 네 맘을 겨눌게!!"
85,2017-03-18 10:17:30,1,"#84346번째울림
2017. 03. 17. 오후
<사랑>
만약에 말야 우리 같은 마음이라면 다시 되돌아볼까
만약에 말야 우리 정말 사랑했다면 지워낼 수 있을까
만약에 말야...

노을(전우성 솔로) - 만약에 말야
정승환 - 만약에 말야
김연우 - 만약에 말야

여러분은 누가 부른 것이 좋으신가요?
저는 김연우..."
86,2017-03-18 10:17:27,243,"#84344번째울림
2017. 03. 17. 오후
<그 외 (위의 카테고리 외 기타 등등)>
한쪽 목발 이렇게 짚는 거 맞아요...
다친발쪽으로 짚어야한다고 생각하기 쉽고 저도 다치기 전에는 그렇게 생각했어요
하지만 병원에서도 이렇게 하라 배웠고 검색해도 이렇게 나와요!!! 그리고 걷는 모습을 조금 더 생각해보면 이게 덜 힘든 방식이 맞는 것 같아요!
가뜩이나 학교 대부분이 경사라 힘들어 죽겠는데 뒤에서 목발 저렇게 짚는 거 맞냐?ㅋㅋㅋ 하면서 쑥덕대지 말아주세요ㅜㅜ 진짜 기분나빠요..
내가 이 글을 올리면 이 글을 본 사람들이 학교에서 나를 알아볼것같지만 자꾸 저런 말 듣는거 너무 스트레스 받아서 올려요 이거!!! 맞아요!!!!!!!!!!!
그리고 셔틀에서 자리양보해주신분, 문 열어서 잡아주신 분들 너무 감사합니다!!! 그럼이만
다들 발목 조심하세여 생각보다 넘 나약한것....."
87,2017-03-16 20:23:06,38,"#84298번째울림
2017. 03. 16. 오후
<인간관계>
안녕하세요! 대숲! 저는 올해 입학한 새내기에요ㅎㅎ
인간관계에 서툰 다른 새내기 친구들에게 해주고 싶은 말이 있으니 꼭꼭 전해주시면 고맙겠어요!!^___^
 
저는 혼자 지내는 걸 정말 정말 좋아하거든요?! 친구들이랑 만나는 것도 좋지만 혼자서 시간을 보내는 것이 그냥 마음 편했어요~ 그런데 대학에 딱 들어오고 나니 너무 모임이 많은 거에요ㅠㅠ 나 혼자 지내는 게 더 마음 편하고 술도 잘 못마시는데ㅠㅠㅠ

그래도 모임에 나가야 친구들이 생길 거 같아서 꼬박꼬박 찾아서 다 나갔거든요? 하지만 엄마아빠가 고생해서 보내주신 돈들이 순식간에 쓱싹 사라지는 거를 보고 가슴이 아프기도 했고.. 많은 사람들을 얕게 만나니까 좁고 깊은 인간관계에 익숙해져있었던 저는 너무 적응이 안되었어요...막 다들 서로 엄청 친해진 거 같은데 나는 친구 없는 거 같고...밥도 같이 먹을 친구도 없고 ......힝ㅠ

그렇게 힘들어하고 있었는데 다른 친구들이 먼저 말을 걸어준 거에요!! 막 선배님들도 같이 밥 먹고 싶다고 연락해주시고!!!!! 힘내라고도 얘기해주시고!!! 진짜 감동이었어요ㅜㅜㅜㅜ그래서 오늘도 제가 매우 좋아하고, 저를 좋아해주는 친구들하고 밥을 먹었습니다! 굳이 더 활발해지지 않아도 되고, 괜찮은 척하지 않아도 되는 관계가 생겨서 또 내가 나로서 인정받는 관계가 생겨서 요즘 너무 행복해요ㅜㅜ

일상을 소소하게 이야기할 수 없어서 속상한 친구들에게 꼭 말해주고 싶어요! 굳이 맞지 않는 사람들과 어울리기 위해서 자신을 버리지 말아요! 돈 없는데 부모님께 달라고 말씀드려서 만나려고 하지 않아도, 술자리에 굳이 나가지 않아도 여러분을 좋아해주는 친구가 분명 있을거에요! 왜냐하면 여러분은 충분히 사랑스러운 사람이고, 그 자체로도 매력이 아주아주 넘쳐나기 때문이죠! 그러니까 여러분답게 사세요! 저도 술 못마시지만 이젠 옆에 친구들도 같이 못마시니까 이야기하면서 술마시는데 기분 최고에요!

너무너무 기네요,,,ㅎㅎㅎ 새내기 친구들아 우리 4(+a)년동안 우리다운 행복한 대학생활하자! 다들 화이팅!~~"
88,2017-03-16 13:06:09,0,"#84277번째울림
2017. 03. 16. 오전
<사랑>
끄아아아악"
89,2017-03-16 07:18:09,2,"#84258번째울림
2017. 03. 15. 오후
<인간관계>
15인데요 작년 봄학기에 휴학중이어서 16들이랑 너무 서먹서먹해요. 17들이랑은 그러지 않고 친해지고 싶어요! 근데 새터도 안 갔고 동아리도 거의 하지 않고 그런데..어떻게 하면 좋을까요? 막 **이나 **나 그런 책들도 주고싶고 밥도 사주면서 친해지고 싶은데."
90,2017-03-16 00:12:19,140,"#84252번째울림
2017. 03. 15. 오후
<사는얘기>
회는... 육회도 좋아합니다. 제 꿈은 돈을 정말 많이 벌어서,
나중에 '일반 가정집에서 오늘 반찬은 조기를 구울까, 멸치볶음을 할까' 
고민하는 것처럼, '오늘은 참치회를 먹을까 다금바리를 먹을까' 고민하는 것입니다.

이 제보, 꼭 야밤에 올려주세요."
91,2017-03-15 17:19:54,0,"#84228번째울림
2017. 03. 15. 오후
<사랑>
이렇게 좋은날씨에 오빠랑 밥도 먹고
커피마시면서 산책도 할수 있어서 너무 좋아요ㅠㅠ
그니까 연락해요 제발ㅠㅠㅠ
날 후배로만 생각하지 말아욧!!"
92,2017-03-15 10:52:05,0,"#84212번째울림
2017. 03. 15. 오전
<사는얘기>
안녕 잘지내?
난 어쩌다보니 먼 곳으로 오게 되었고 너는 국방의 의무를 다하러 갔지. 가끔 네 프사와 배경 페북을 보곤해. 여자랑 찍은 사진을 배경으로 한 건 조금, 약간 왠지느느모르겠는데 기분이 이상하더라. 나중에 만날 땐 처음처럼 웃으며 만나자"
93,2017-03-15 00:41:29,2,"#84189번째울림
2017. 03. 14. 오후
<사랑>
안녕 이제 너 접을게. 안녕. 2년넘게 많이 좋아했다!!!!!!!!하하 이제 공부나 열심히 해야지!!!화이트데이에 정말슬프군."
94,2017-03-14 22:05:33,81,"#84180번째울림
2017. 03. 14. 오전
<사는얘기>
안녕하세요. 생와사비맨입니다.
삶이라는게 사실 살기 위해서 먹는게 아니라 먹기 위해서 사는듯 싶습니다. 딱 1년 전쯤에 먹었던 도미인데... 아직도 기억나네요. 내 돈내고 먹은게 아니라 더 완벽했었던 4kg급 도미...핡
이 제보 꼭 밤에 올려주세요."
95,2017-03-14 15:30:07,219,"#84171번째울림
2017. 03. 14. 오후
<사는얘기>
여러분 화이트 데이 하지 마시고 회이트 데이 하세요ㅠㅠㅠ
쥬륵......★"
96,2017-03-14 13:57:21,23,"#84170번째울림
2017. 03. 14. 오전
<사랑>
경영관 앞을 지나가고 있는데 어떤 분이 저보고 신입생이시냐고 동아리 관심없으시냐고 물어봤어요!!!!! 저 10학번 아잰대ㅋㅋㅋㅋㅋ캬캬캬캬캬캬컄후ㅜ훌르ㅡ를루ㅜ루ㅏ냐카카ㅜ루루루루 기분이 너무 좋아요어어너ㅏ아ㅏ나나ㅏ어어"
97,2017-03-14 12:59:04,8,"#84165번째울림
2017. 03. 14. 오전
<사는얘기>
오늘까지만 늦게 자고 내일부터는 일찍 일어나서 공부!!할끄양"
98,2017-03-14 12:58:58,19,"#84161번째울림
2017. 03. 14. 오전
<취향입니다 존중해주시죠>
#문제돌이
문제적남자보다 갑자기 생각나서 문제 냈어요
4개의 작대기 옮겨서 등식 성립하기!"
99,2017-03-14 11:25:07,6,"#84158번째울림
2017. 03. 14. 오전
<그 외 (위의 카테고리 외 기타 등등)>
나는 관종이다 대숲에 올라온 내 글에 사람들이 댓글을 다는걸 보며 희열을 느낀다 희희"
100,2017-03-14 00:37:07,5,"#84143번째울림
2017. 03. 13. 오후
<사랑>
내일은 화이트데이? 발렌타인데이? 

너를 만나고는 잊어버렸다. 
누가 누구에게 무엇을 주는 날인지.

나에게는 모두 
내 마음을 너에게 전하는 날"
101,2017-03-13 15:44:35,0,"#84122번째울림
2017. 03. 12. 오후
<그 외 (위의 카테고리 외 기타 등등)>
남친님... 목걸이 갖고싳어요.. 사탕 필요업떠ㅜㅠㅠㅠㅠㅠㅠ 14일날 받으면 그날 밥 후식 다 내가 사줄수 있는데ㅜㅠㅠㅠㅠㅠ"
102,2017-03-13 07:59:17,4,"#84099번째울림
2017. 03. 12. 오후
<저.. 진지합니다>
 안녕하세요 대숲 대수퍼 분들 항상 재밌게 보다가 처음으로 글을 적어보네요
철없어 보일수도 있는 글입니다

 우선 전 26살이고 4학년이 되었습니다
저한테는 아주 고질적인 문제가있어요..
자존감이 제가 생각해도 너무 낮은거같아요
운동을 잘하는것도 아니고 외모도 열등감이 심하구요 등등...
 
 문제는 아무리 찾고싶어도 해결방법을 못찾겠다는 거에요 .. 친구들한테 이런얘기를 하면 지금 4학년이 너무 배부른 소리하는거 아니냐 취업걱정만으로도 골머리 앓는데.. 라고들 흔히 말해요 또는 너 자신을 사랑하는 법을찾아보라곤 합니다 하지만 전 취준보다 제 자신이랑 좀 더 친해지고싶어요ㅠ  솔직히 전 제자신을 사랑하는법을 모르겠습니다ㅠ 저도 정말 답답해요 
 
 대학가면 나아지겠지 군대다녀오면 나아지겠지 휴학하면 나아지겠지 항상 이렇게 도피만 했던것 같아요 저랑 같은 고민을 하시는 분, 또는 어떠한 방법으로 극복(?)해내신 분들의 조언이나 충고가 듣고싶어요 두서가 없어도 읽어줘서 고마워요"
103,2017-03-13 01:29:39,3,"#84089번째울림
2017. 03. 13. 오전
<사는얘기>
난 꽃을 좋아하지만, 좋아하지 않는다고 거짓말을 했었다. 내가 좋아하는 것들이 있었지만 부담을 주지 않기 위해 매번 생각하며 말했다. 속에서 여러번 곱씹으며 생각해보고 뱉었던 말들이 결국엔 어떤 사람에게 무의미하다는 것을 깨닫는건 미련이 많은 나에겐 항상 더뎠다. 무의식적으로, 추상적으로 느끼는 것들이 확실하게 가닥이 잡혀지지 않았다. 나는 매번 그래왔었다. 힘든 상황 속에서도, 게으르고 수동적인 나의 성격에도 결국엔 무너지지 않고 그래도 이렇게 살아올 수 있었던 것은 '미련' 때문이었다. 허공에 떠다니는 면죄부들을 타인에게, 그리고 나에게 주면서 내게 있었던 사건들이 컸었더라도 나만은 가느다랗게 살아왔던 거 같다. 그랬던 내가 최근에서야 수많은 기다림과 고통 끝에 내려놓는다는 것이 무엇인지 알게 되었고 각자 사는 방식이 다르니 내가 살아온 방식도 하나의 방식이라고 생각했던게 바보 같다는걸 깨달았다. 바보같이 살았다. 결국엔 내가 안고 가야하는 것들 밖에 없는 것은. 이번 학기부터 다르게 살아가리라했지만 그간 살아왔던걸 바꾸기는 힘들 거 같다. 시간이 지나면서 하나씩 쌓이는 이런 깨달음이 언젠가 내 삶의 조각이 되어 좋은 날이 오겠지,라는 생각이 매일 밤 내 하늘을 수놓는다."
104,2017-03-12 18:40:06,8,"#84063번째울림
2017. 03. 11. 오후
<인간관계>
새내기 17이에요..ㅠ
술못하고 술겜도 잘못하는데 친구는 많이 사귀고싶거든요..
그래서 막상 모임나가긴하는데 분위기 넘 망치는거같아요.
눈치도 조금 보이고 그런데 또 제가 눈치보이면 당황해서 말도못하거든요..
근데 저는 친구를 많이 보고싶어요 어떻게하죠..3"
105,2017-03-12 18:40:03,2,"#84061번째울림
2017. 03. 12. 오전
<사랑>
마음이 너무 아프다.. 안녕"
106,2017-03-12 16:26:41,73,"#84058번째울림
2017. 03. 11. 오후
<사는얘기>
저는 누구에게 카톡이 오건 칼답을 합니다.
카톡방들이 썰렁해서 
알림이 오면 바로 눈에 띄거든요.

다른애들 보면 카톡방에 빨간색 알림표시로 가득차서 정신없어 보이던데
별게 다 부럽네요 ㅠㅠ"
107,2017-03-12 12:17:09,4,"#84053번째울림
2017. 03. 12. 오전
<인간관계>
제가 대숲을 찾는 건 이런 얘기를 나눌 마땅한 친구들이 없기 때문이겠죠? 이번에 입학하게 된 신입생이에요 재수를 한거라 친구들은 대부분 대학생이에요 재수를 할 때 제가 연락을 지속적으로 하지못해도 먼저 위로해주고 초콜릿이 먹고싶다고하면 지나가던 길에 니 생각이 나서 사왔다고 챙겨주는 친구들이 있었어요 외롭고 힘든 날들이었지만 친구들 덕분에 마냥 괴롭지만도 않았어요 저는 그렇게 친구들에게 많이 의지하고 친구들도 마찬가지에요 그런데 대숲 대학 동기들이 친구가 되기까지는 얼마나 걸릴까요?? 고등학교 때까지는 친구이지만 대학에서는 동기라는 말 저에게는 적용되지 않는 말인줄 알았어요 마음만 연다면 대학도 친구가 가능할거라고 믿었어요 그런데 정말 너무 외로워요 술을 마실때마다 하는 술게임이 재수 생활보다 힘들어요 친해진 동기들이 없는건 아니에요 친구들과 있으면 침묵도 어색하지 않아요 동기들과 있을때는 할말을 쥐어짜내는 느낌이에요 술마시는 것에 지나치게 집착하고 주량을 과시하는 동기들을 볼때마다 굳이 저렇게까지 살아야되나 싶은 마음이 들어요 이렇게 스트레스를 받을때마다 차라리 아싸로 사는게 훨씬 편하겠다는 생각을 해요 대학만 바라보고 달려온 재수 고3생활이 훨씬 행복했어요 적어도 저를 진심으로 생각해주는 사람들이 있었으니까요 사실 오티 때 술게임을 가르쳐주는 것도 마음에 들지는 않았어요 학교 공식행사인 오티에서 학교생활에 필요한 수강신청과 같은 것들을 배우고 동기들을 입학 전에 미리 만나보는 오티에서 술게임을 배우는게  좋지만은 않았어요 술게임을 못하면 대학생활을 제대로 즐길수없다는 생각도 그때 들었고요 이제는 제 성격에 문제가 있나 라는 생각이 들어요 저만 이런건가요?"
108,2017-03-12 10:12:11,5,"#84037번째울림
2017. 03. 11. 오후
<인간관계>
안녕하세요 대숲
이번에 입학한 17학번 새내긴데요..
술마시고 신나서 동기들 선배님들 많이 사귀긴 했는데 너무 갑자기 다가간것 같아서 안좋게 생각하진 않을지 문득 걱정되네요ㅠㅠㅜ 진짜 친해지고싶은데 저 싫어하진 않겠죠..?"
109,2017-03-11 22:11:27,8,"#84025번째울림
2017. 03. 11. 오후
<학교>
새터 갔다온 예대 신입생인데요 
얼마 전 동기들이랑 얘기하다가 나왔는데 기대했던 첫 새터가 되게 수련회 같아서 좀 궁금한 게 많았어요
 
저희가 둘째날에 노는데 갑자기 문을 다 닫으라 그랬어요 그래서 왜냐고 선배한테 물어보니까 예대 회장님이 기자들이 와서 문을 닫고 놀아야 한다고 했다고 하시더라고요

 근데 또 제가 기분이 나쁜 건 저희도 이미 다 적절한 판단을 할 수 있는 성인이고 거기다 학생회분들도 있고 선배들도 있고, 이렇게 건전한 새터를 보낼 수 있는데 왜 저희가 기자들 피해서 그래야 하는지 모르겠습니다 이 기자들, 그리고 기자들 관련해서 우리가 받은 조치들 예대 회장님이 어떻게 생각하시는지 궁금합니다..  

 말 그대로 저희가 기자들 때문에 문 닫고 제대로 놀지도 못하고 신경쓴 거 이해가 되지 않네요..;
새터 다녀오신 다른 학우분들 그리고 선배님들은 어떻게 생각하시는지 궁금합니다.."
110,2017-03-11 18:47:08,7,"#84005번째울림
2017. 03. 11. 오전
<사는얘기>
??? : I'll be back"
111,2017-03-11 13:29:11,46,"#84003번째울림
2017. 03. 11. 오전
<인간관계>
대학오면 마냥행복하고 매일이 즐거울줄알았는데 왜이렇게 우울하기만 할까요
겉으로는 두루두루 친하고 밝게 잘지내지만 인간관계에대해 회의감이 들정도고 시끌벅적 떠들거나 술자리 갔다가 혼자돌아올때면 너무너무 공허하고 허무해요 
개강한지 얼마되진않았지만 그냥 다 겉친구일뿐.. 그렇다고 옛친구들 연락하려고 보면 카톡은 엄청와있어도 막상 전화할친구는 몇명없는것
아무도 날 사랑해주지 않는다는생각과 남녀관계로볼때 내가 그렇게 매력이없나싶기도해요
하고싶었던 동아리계획 다 실패해서 자존감도 떨어지고 진로에대해 뭘해야할지도 모르겠고 시작부터 왜이렇게 엉망인기분인걸까 우울한밤이네요....
이런걸 아는사람들에게 말하면 나의 우울함이 괜히 옮겨질걸알기에
미안해서 이렇게만적어봐요"
112,2017-03-11 09:26:51,1,"#83986번째울림
2017. 03. 10. 오후
<사랑>
알게된건 순간이었지만 나는 너가 좋다.
너도 나를 좋아했으면 좋겠다.

잘생긴 얼굴로 그런 눈빛,표정으로 쳐다보면 내가 귀여워보이나 한번 착각하게 된다.
너에게 예쁘다는 말을 듣고 싶은 욕심도 생겨버렸다.

아직은 춥지만 봄이라 참 좋다."
113,2017-03-11 09:26:45,700,"#83982번째울림
2017. 03. 10. 오후
<사는얘기>
낮은 자존감은 정말 흠없어 보이는 사람들에게서도 흔하게 찾아볼 수 있잖아요
저 또한 평소에 자존감이 극도로 낮아지는 시기가 종종 있는데, 그게 열등감으로 표출되는 경우가 많았었어요.
그런데 어느 날 그냥 평소에 친한 학교 친구랑 얘기를 하다가, 열심히 재잘재잘 얘기를 하는 친구를 보면서 참 매력적인 사람이다, 내가 이친구 남자친구라면 이렇게 별 얘기 안하는데도 사랑스러워서 지켜보는 것도 행복할 것 같다 라고 그냥 스치듯이 생각이 지나갔어요(이성적으로 말구요, 저도 그친구도 여자입니다)
그렇다고 제가 정말 잘난 친구만 사귀어서 친구들에게 장점이 많은 게 아니라, 정말 다양한 친구들에게서 다양한 매력이 있는 걸 봐요.
대학와서 공부는 별로 안하고 놀러만 다니고, 가끔은 너무 소심할 때도 있고 키도 작다고 누군가는 볼 수 있지만 그런 점조차 사랑스럽더라구요.
새로 뽑은 귀여운 인형을 두고 한참을 자랑하고, 재밌었던 여행 얘기를 재잘거리고, 자기가 즐겨찾는대학로 카페가  왜 좋은지를 이야기를 하는 작은 순간순간에도 그 친구랑 있는 시간이 좋아지고 행복하더라구요. 정말 남자라면 사귀고 싶을 정도로요!

돌아오는 길에 이런 생각을 했습니다.
이렇게 친한 친구들에게서는 좋은 점, 사랑스러운 점을 잘 찾는 나인데, 나 자신이라고 사랑받을만한 존재라고 생각하지 않을 이유가 없다구요.
제가 생각하는 제 단점들이, 저에게나 그렇게 중요한 것 같이 보이지, 저 꽤 괜찮을 수도 있을 것 같아요.
그냥 그런 순간 순간이 저의 인생이고 그런 점을 부정하지 않고 인정하더라도 어쩌면 저는 저 자체로 사랑스러울 수도 있을 것 같아요!

물론 뭐야 그래서 결론은 지가 사랑스럽다는 거네 라고 생각하실 수도 있지만
낮은 자존감으로 인해 우울해하는 분들에게 전하고도 싶었습니다!
고민이 많고 내 인생은 왜 이렇게 완벽하지 않은가 싶을 수도 있지만
당신은 그 자체로 사랑스러운 사람입니다. 학점이 좀 낮든, 토익점수가 애매하든, 피부가 안 좋거나 키가 작든, 최근에 친구들과 좀 소원하든, 요즘들어 살쪘든 간에, 그것도 꽤 귀여운 매력인 것 같습니다.
당신이 걷는 걸음걸이, 당신이 이야기하는 말투, 당신이 좋아하는 카페 모두 정말 꽤 괜찮은 것 같아요.  요새 푹 빠진 취미도 사실 누군가에겐 시간떼우기에 불과한 것 같아보여도 정말 재밌을 것 같아요. 당신이 그런 사람이라서 참 매력적이예요. 당신 정말 사랑스러운 사람인 것 같습니다."
114,2017-03-11 01:05:55,56,"#83980번째울림
2017. 03. 10. 오후
<사는얘기>
무려 국민 300명이 죽어가는 긴급상황에서도 머리손질을 마무리하느라 시간을 보내던 꼭두각시 대통령은 

역사적인 판결을 앞두고 막중한 책임감에  헤어롤 2개를 까먹고선 그대로 머리에 꽂은 채 카메라 앞을 지나가신 ""대한민국의 헌법 재판관""에 의해 파면되었다."
115,2017-03-11 01:05:51,0,"#83978번째울림
2017. 03. 10. 오후
<사랑>
어느순간부터 좋아했는데, 살면서 처음이었는데.
연애까진 바라지도 않았지만.
왜 하필 지금 휴학한거에요..."
116,2017-03-11 00:27:56,23,"#83976번째울림
2017. 03. 10. 오후
<치킨>
헌법재판소 박근혜 파면 요약 (찬8 반0)

 1.탄핵가결절차 문제없음

 2.탄핵근거
   1)공무원임명권 남용 - 사익추구목적 노인정
   2)언론의 자유 침해 - 관련성 노인정
   3)세월호 생명권 보호의무 직책 성실의무
      - 추상적인 내용이라 노인정
   4)최순실 게이트 (국정개입) - 인정
      4-1)법률&헌법 위반 내용
         1:최순실 사익추구 - 헌법, 국가공무원법, 공직자윤리법 위반
         2:미르, 케이스포츠 설립 - 기업 재산성 침해
         3:국정개입: 비밀엄수의무 위반

  3.중대성검토 : 파면하기 충분
    1)최순실 국정개입 사실 은폐, 최순실 사익추구
       -대의민주제 원칙, 법치주의 위반
    2)진상규명 불협조 - 헙법수호의지 ×

  4.기타, 보충 의견
    1)직책성실의무 위반 인정, 탄핵사유는 아님
    2)보수와 진보의 대립이아닌 헌법수호 이유로파면결정"
117,2017-03-11 00:27:54,35,"#83975번째울림
2017. 03. 10. 오후
<사는얘기>
??? : 야이 *발 어떤새끼가 기각에 걸라그랬어 뭐 역배? *발럼이"
118,2017-03-10 16:32:22,8,"#83943번째울림
2017. 03. 09. 오후
<성균관대학교 대나무숲>
  오랜만입니다. 벌써 1학기가 개강한 지 1주일이나 지났네요... 저는 이제는 직장인이라 더 이상 학교에 없는지라 불과 작년까지만 해도 학교를 다녔는데 그 기억도 가물가물해지고 아련해집니다. 그동안 통계를 내야 한다고 생각만 하고 직장인의 귀찮음(!)으로 인해 미루다가 이제야 2017년 1-2월의 통계를 올려봅니다. 어차피 방학동안으로 묶이기 때문에 같이 통계를 내도 별 문제는 없어 보입니다.

  1월 동안에 1395건, 2월달에 1150건으로 16년 1월 2427건, 16년 2월 2377건, 12월 2206건으로 전년 동기, 전월 대비 1000여 건이 줄어든 모습을 보입니다. 이는 방학으로 인해 활동량 자체가 줄어든 것으로 보입니다. 하지만 제보당 좋아요 19.50건, 댓글 7.29건, 공유 1.26건으로 16년 평균정도와 비슷해 보여서 호응 자체가 줄어든 것은 아닌 것으로 보여집니다.

  제보가 업로드된 시간대는 0시, 12시 145건, 10시 140건, 23시 134건, 2시 131건 순이며, 제보의 업로드는 상당히 고른 편을 보이고 있습니다. 아마 방학이라 그런 것 같습니다. 제보의 카테고리는 사는얘기가 740건으로 29.52%, 사랑이 22.26% 순으로 전체의 52%를 차지하고 있으며 그 뒤를 학교, 인간관계, 저.. 진지합니다 순서로 상위 4개의 카테고리가 전체의 2/3를 차지함을 알 수 있습니다.

  제보에 사용된 단어의 빈도는 생각, 사람, 친구, 사랑, 마음, 남자, 우리, 여자, 시간 등으로 전년과 큰 다름이 없으며 상당히 의미있는 단어들이 많이 보입니다. 여러분들의 생각이 모여서 이러한 결과를 만들어냈습니다. 단어 간의 연결망은 친구와 사람을 중심으로 사랑에 관한 이야기와 공부, 노력, 대학에 관한 이야기 등 연애와 대학생활에 대한 모습을 나타내고 있습니다.

  다행히 이번에 다시 모든 제보가 추출이 되어서 1-2월 전체를 분석하게 되었습니다. 다들 신학기 열심히 다니셔서 원하시는 바를 이루었으면 좋겠습니다. 저는 4월에 1분기 결산 제보로 찾아뵙겠습니다."
119,2017-03-10 16:32:19,2,"#83942번째울림
2017. 03. 09. 오후
<학교>
행정실도 바쁘고 할 일 많은 것은 알지만
비록 학생 숫자가 엄청 많다는 것도 알지만
갑자기 연락해서 오늘까지 해야한다고 불쑥 말하고 책임은 학생 탓이라라고 말하는 건 정말 불편합니다.
학생들도 처음해봐서 멘붕타는데 자기 일 아니라고 툭 하고 내뱉고 나몰라라 하는 것 보면 진짜 원망스러워요

익명이요 ㅠㅜ"
120,2017-03-10 00:26:55,22,"#83925번째울림
2017. 03. 09. 오후
<사는얘기>
여자친구 뮤비 보다가...
시공의 폭풍 속으로!"
121,2017-03-09 22:04:08,54,"#83921번째울림
2017. 03. 09. 오후
<저.. 진지합니다>
안녕하세요. 쪽문에서 자취하는 학생입니다.  다름이 아니라, 몇주 전부터 집 가까이에서 강아지를 학대하는 소리와 함께(강아지를 정말 퍽퍽..때리더군요..) 낑낑거리는 소리가 심하게 들려서 가보니 피부병에 걸린 것 같은 마른 푸들이 옥상에 방치되어 있었습니다. 
이후에도 계속 학대하는 소리가 들려 더이상 안되겠다 싶어 직접 찾아가니 *** 남학생이더군요. 추운 겨울에 왜 밖에 내놓냐고 했더니 (강아지가 밖에서 낑낑대고 문을 긁는 와중에도) 햇볓을 쬐라고 내놨다는 얼토당토 않은 변명을 하더라구요. 그래서 한국에서 이렇게 하시면 경찰에 신고당한다고 말하고 왔긴 했는데 학대는 계속되고 있습니다. 소리는 들리는데 직접적 영상은 없고 털 빠진 강아지 사진만 있어서 일단 올려 봅니다.
주인분 혹 이 글 보게되시면, 책임지지 못하실 생명이면 차라리 좋은 곳으로 보내서 행복한 견생 살게 하셨으면 좋겠습니다. 같은 애묘/애견인으로써 그 끔찍한 소리 그만듣고 싶습니다. 
글 길게 썼었는데, 날아가서.. 다시씁니다. 
꼭 제보되었으면 좋겠습니다. 그리고 이런 동물학대 경우에 어디에 신고해야 아이가 다시는 학대를 안당할 수 있는지 아시는 분은 댓글 꼭 부탁드립니다.

긴 글 읽어주셔서 감사합니다 !!"
122,2017-03-09 19:34:34,8,"#83914번째울림
2017. 03. 09. 오후
<학교>
****시간 같은데 들어와서 홍보하고 가시는 동아리 분들이요 꼭 그렇게 해야되나요? 부담스러워요.. 왜 따로 부스를 안여는 건지...

솔직히 부담스럽고 안좋아 보여요"
123,2017-03-09 19:34:31,11,"#83912번째울림
2017. 03. 09. 오전
<저.. 진지합니다>
나도 17학번 새내기한테 밥사주고 치킨사주고싶다...
근데 무섭다.. 말이 안통할까봐.. ㅠㅠ
나도 나름 새내기때 십의 자리 숫자가 바뀐 학번이라며, 90년대생이 대학생이 되었다며 엄청 예쁨 받았었는데.. 시간 참 빠르다

- 새내기들이 초등학생때 율전에서 술마시고 있었던 10학번의 생각"
124,2017-03-09 18:38:32,65,"#83909번째울림
2017. 03. 09. 오후
<학교>
박사님 그렇게 하면 안된다구욧!! 빼애애애애애애애애애애애액"
125,2017-03-09 17:43:10,34,"#83903번째울림
2017. 03. 09. 오전
<사랑>

여자친구랑 3월 31일날 야구 개막하면 야구 보러 갈거구 벚꽃도 보러갈거구 중간고사치면 같이 영화도 보러갈꺼예요

근데 여자친구가 없네요ㅠㅠㅠ"
126,2017-03-09 16:34:18,1,"#83900번째울림
2017. 03. 09. 오전
<사는얘기>
찐따에 아싸인 나같은 사람도 이제 곧 친구들이 생긴다
남들은 가기싫어하는 곳이지만
군대에 가면 나에겐 수많은 전우들이 생기고 같이 먹고자고 생활할 사람들이 생긴다
외로운데 잘 되었다. 그래도 누군가랑 같이있으면 덜 하겠지"
127,2017-03-09 14:34:58,2,"#83879번째울림
2017. 03. 08. 오후
<학교>
새내기들의 글도 많이 보이고 선배들의 글도 많이 보이는 게 새학기가 되었구나 싶네요
부쩍 밥 약속에 관한 선배로서, 후배로서의 고민이나 하고싶은 말들이 많이 올라오는 걸 보며 선후배동기님들한테 몇가지만 얘기해보려고 해요
먼저, 선배들과 친해지고 싶은 후배님들.
망설이지 말아요. 밥 한 번 먹자라는 말은 의례적인 말이 아니에요. 대상이 새내기라면 더더욱 말이죠. 선배들은 여러분들의 연락을 기다리고 있답니다. 걱정하지 말아요.
그리고 후배들의 연락을 기다리는 선배님들.
기다리는 것도 좋지만 먼저 다가가기도 해봐요. 내가 밥 사주는데 먹자고 먼저 연락해가며 보자고 해야하나 싶을 수 있어요. 근데, 한 번쯤은 먼저 할 수 있는 거잖아요. 후배들이 부담스러워할까봐 망설여지는 거 알아요. 그런데 다들 새내기 때 겪었잖아요. 후배들도 망설여진다는 거. 그러니까 한 번쯤 먼저 손 내밀어봐요.
저는 그렇게 생각해요. 선후배를 떠나서 어떠한 인간관계이던간에 먼저 손을 내밀 줄 알아야 한다고 생각해요. 먼저 손을 내밀었을 때 거절당할 것에 대한 두려움 때문에 망설인다면 내가 만들어 갈 수 있는 인간관계를 놓치게 될 거에요.
그러니까, 한 번 속는셈치고 손 내밀어봐요. 아마 상대방은 엄청 좋아할거에요 :)"
128,2017-03-09 12:36:14,5,"#83872번째울림
2017. 03. 08. 오후
<학교>
율전) 학생회관 2층에 공용동방? 같은데에 피아노 한 대 있었는데 어디갔죠? 자주 쳤는데 시무룩

학교에 심심풀이 땅콩으로 피아노 칠 데 없나요?"
129,2017-03-09 10:26:53,30,"#82060번째울림
2017. 03. 08. 오후
<사랑>
17 새내기입니다... 연애는 도데체 어떻게 할 수 있는거죠???남자는 어떻게 만날 수 있는거냐구요...ㅠㅠ 그냥 하루종일 길가에 서서 로또의 확률로 번호따이기만을 기다려야하는건가요??????????????갑자기 화나네요ㅎㅎㅎ!"
130,2017-03-09 10:26:48,107,"#82057번째울림
2017. 03. 08. 오후
<사는얘기>
??? : 후.... 탄핵 기각.... 역배만 믿는다...."
131,2017-03-08 21:36:12,3,"#82032번째울림
2017. 03. 08. 오전
<사는얘기>
그냥 요즘 기분이 너무 별로에요
동기들이랑도 앞에서는 장난치는데 그냥 겉친구 느낌밖에 안들고 
후배들 밥사달라고 연락오면 물론 밥사준게 오히려 고마울 정도로 착한 후배가 있는 반면 자꾸 약속 취소하고 약속 자기들끼리 정해서 일방적으로 통보하는 후배도 있고 
썸 타는 사람이랑 연락 잘 안돼서 그만 연락하자고 몇 번이나 밀어냈는데도 계속 연락하고 싶다고 하질 않나...그럴거면 연락이라도 제대로 하든가....  매번 안읽씹에 지쳐요... 
그냥 아싸테크 타고 싶은데.....
주변 사람들 때문에 너무 스트레스 받아서 힘들어요..."
132,2017-03-08 06:54:03,108,"#82005번째울림
2017. 03. 07. 오후
<학교>
저는 지금 모든 전공수업을 일체형 책상에서 듣고 있습니다. 근데 이 책상 진짜 구져요. 문제점을 몇가지 뽑아보면
1. 튼튼하지 않음
전공책만 올려놔도 책상이 밑으로 내려가고 필기를 할때마다 흔들거려서 너무 불편함
2. 너무 좁음
책이랑 노트를 같이 놓을공간조차 부족합니다. 전공서적처럼 큰 책 하나만 펼쳐도 자리가 꽉차요. 필통이나 텀블러를 올려놓을수도 없습니다.
3. 앉기 불편하고 바퀴가 달려 움직임
4. 이게 다 내 등록금임
내 피같은 돈이 다 이딴걸 사는데 쓰여졌다는게 너무 화가나네요 진짜"
133,2017-03-07 22:18:53,29,"#82003번째울림
2017. 03. 07. 오전
<사는얘기>
나는 고등학생 시절 소위 말하는 ""갓"" 이었다
나는 어딜 가서든 독보적인 존재였고
나는 학교의 영웅이었다
그 민물속에서 참 행복하고 평화롭게 지냈었다

나는 17을 달고 성균관대학교에 입학했고
오늘은 개강한지 딱 5일째 되는 날이다
하지만 세상은 내가 생각한 것 만큼 호락호락 하지는 않았나보다

대학교의 인간관계는 너무나도 힘들다
내가 이렇게까지 인간으로서의 매력이 전혀 없나 자괴감이 들 때가 많았다
지난 6년간 내가 가지고 있었던 자신감은 3개월도 되지 않는 시간동안 박살이 났고
오늘도 나는 술에 쩔어 괴로움에 시달린 채 잠을 이루지 못한다

공부만 잘하면 모든게 다 해결될줄 알았는데ㅠ
괴롭다
나만 이런 고민을 하고있는건 아니겠지?"
134,2017-03-07 22:18:50,23,"#82001번째울림
2017. 03. 07. 오전
<사는얘기>
전 오늘 생일인데요
축하해주는 사람이 별로 없더라구요
관계에 대한 방식이 많이 잘못됐던거 같아요..
사실 모든걸 나눌 수 있눈 친구 몇몇만 있으면 
충분히 성공한 인생인데
오늘같은 날은 나를 기억해주는 사람의 숫자가
신경이 괜히 많이 쓰이네요
생각이 많아지는 날이에요"
135,2017-03-07 22:18:49,5,"#82000번째울림
2017. 03. 07. 오후
<저.. 진지합니다>
연애 못한다고/ 안한다고 뭐라하는 시선 너무 별로네요. 남의 연애사에 뭐 이리 신경쓰는지 연애한다고 하면 계속 물어볼것 같아서 연애해도 말 안꺼내게 되네요. 그냥 안하면 그런갑다 하면 안댈까요? 뭐 이렇게 써도 댓글도 솔로 태그하면서 니가보냈냐 이러겠죠,,"
136,2017-03-07 19:28:12,24,"#81989번째울림
2017. 03. 07. 오전
<사랑>
새내기 밥사줄돈으로 초밥 사먹어버리기~~

ㅎㅂㅅㄹㅇㄴㄲ ㅋㅌㄱㄹㄴ ㅅㄹ"
137,2017-03-07 18:34:03,9,"#81986번째울림
2017. 03. 06. 오후
<저.. 진지합니다>
안녕하세요 대숲. 지금 기숙사에 살고있는 학생입니다. 요즘 너무 죽고싶어요. 다름 아닌 룸메의 코골이 때문에요..
기숙사 입사 이후로 단 한순간도 잠을 편히 자본적이 없어요..
룸메는 만성비염이라 코골이가 고쳐지지 않는데요.
그것때문에 신경과민, 우울증, 소화불량, 수면부족이 왔어요.
저는 정신과도 다니고 있어요.. 귀마개 좋다는건 다 해봤지만 소용없어요. 코골이가 방을 타고 쩌렁쩌렁 울리거든요.
같은 돈을 내고 입사했는데 전 왜이럴까요? 
기숙사 입사할때 코골이, 이갈이 이런거 체크안하나요?
죽고싶어요..  요즘 잠을 못자니까 그런생각밖에 안들어요. 너무 죽고싶어요.
기숙사 행정실에 전화해봐도 남는 방이 없으니 참으라는 말 뿐이네요..
하루하루가 고통스러워요...살려주세요..너무 힘들어요..."
138,2017-03-07 18:33:59,21,"#81983번째울림
2017. 03. 07. 오전
<저.. 진지합니다>
대숲 안녕하세요 16학번이애요.
고민이 생겨서 정말 많이 생각하고 생각해보다가 제보해요.

최근에 새로 배운 것 중 하나가, ""후배""라고 무조건 나이가 어린 것이 아니며, 나이가 더 많다고 해서 반말을 바로 할 수 있는 권리가 있는 것은 아니기 때문에 선후배 간에 말을 놓는 것은 상호간의 합의 후에 이루어져야한다는 것이었어요. 항상 그걸 머릿속에 새기고 새내기들을 만났었고요. 하지만 요즘 저한테 생긴 고민은, 그 반대의 경우에는 어떻게 해야하냐는 거에요.

정말 어떻게 보면 꼰대같을 수도 있는데, 전 정말 진지해요. 제가 일방적으로 꼰대인것인지 고민도 많이 되고..ㅠㅠ 말을 놓는 것은 상호간의 합의 하에 이루어져야 하는 거잖아요? 그런데 가끔 새내기(저보다 어린) 친구들이 말을 놓는 경우가 있어요. 저는 말을 놓으라고 한 적이 없는데 말이죠!(물론 저는 그 친구들한테 말을 놓았어요. 허락 받고요!) 한살 차이밖에 안나는데 뭐 반말 존댓말을 따지냐-라고 하실 수도 있겠죠. 그렇게 말씀하시면 할 말은 없지만.. 저는 말을 놓으라고 한 적 없는데.. 많이 친해진 후라면 모를까, 얼굴을 알게된지 3주도 안된 친구들인데, 말을 쉽게 놓아서 조금 당황스러웠어요. 조금 불편하기도 했고요.

꼰대 같..나요? 항상 꼰대같지 않기 위해서 행동 하나하나에도 신경을 쓰는데, 이건 정말 너무 고민이에요. 엄청 친하지 않은 후배들한테 반말을 듣기에는 제가 불편하고, 그렇다고 너네 왜 존댓말 안써? 라고 말하기엔 그건 정말 꼰대잖아요... 저 어떻게 해야할까요?"
139,2017-03-07 14:32:10,4,"#81978번째울림
2017. 03. 06. 오후
<질문/건의/의견>
선배님들 하고 밥약 잡으러 문자 보낼때
선배 ㅎㅎ 저희 밥 같이 먹어요!! 만 보내도 될까요...? 너무 밥에 굶주린 애 같지 않나요ㅜㅜ"
140,2017-03-07 09:43:16,9,"#81972번째울림
2017. 03. 06. 오후
<인간관계>
선배들이랑 밥약 너무 좋아요!!
근데 거의다 1대1이라 무슨얘기해야"
141,2017-03-06 18:40:20,1,"#81950번째울림
2017. 03. 06. 오후
<사랑>
친언니의 결혼식 축가를 맡게 되었는데요
축가가 대부분 사랑고백하는 내용이라ㅠㅠㅠ
사랑고백 말고 축하하는 내용, 축복하는 내용의 노라 추천좀 해주세요"
142,2017-03-06 14:59:21,5,"#81942번째울림
2017. 03. 05. 오후
<질문/건의/의견>
선배가 밥사준다고 해서 밥 사달라고연락하면 민폐인가요? 밥 사준다는 말이 그냥 인사처럼 들리네요..."
143,2017-03-06 14:10:27,0,"#81930번째울림
2017. 03. 06. 오후
<인간관계>
교환학생친구 사귀고 싶은데 어디서 만날 수있나요??ㅠㅠ 같이 놀러다니고싶어요 !!"
144,2017-03-06 11:53:51,0,"#81917번째울림
2017. 03. 05. 오후
<인간관계>
별로... 사람들 만나고 싶지가 않네요.... 심지어 룸메마저도 보고싶지 않아요.... 사람때문에 많이 다치기는 했지만 이게 더 커져서 나를 삼켜버리네요......

사람들한테 상처도 많이 받고 했는데 더이상 버틸 힘이 하나도 없네요.... 밝은 척하고 행복하게 보이는 것도 다 부질없고.... 모든 관계를 비웠으면 좋겠어요..."
145,2017-03-06 11:53:49,160,"#81916번째울림
2017. 03. 05. 오후
<사는얘기>
딱봐도 새내기는 아닌데 완전 노안은 아닌 사람들..
새내기냐고 물어보면 입가에 미소가 활짝 펴네요ㅋㅋㅋ
그거 보고 있으면 저도 웃기고 상대방도 좋아하고ㅋㅋ
게이득"
146,2017-03-06 01:10:27,4,"#81899번째울림
2017. 03. 05. 오전
<질문/건의/의견>
다소 논란이 많은 주제일 것 같지만 정말 오랫동안 궁금했던 문제라 적어봅니다... 
해외 사이트에서 뉴스를 보다가 인구과잉 문제에 대한 기사를 봤었어요. 사람들이 아이를 지나치게 많이 낳는 것도 사회적 문제이다 라는 내옹이었는데 댓글란을 보니 대다수의 사람들이 기사를 비난하더라고요. 비난하는 사람들 대부분이 성경 구절을 증거로 들면서 인구를 늘리는 것을 미화하고요.
저는 이게 매우 대책없는 의견이라고 생각해요 ㅠㅜ
분명히 말하지먼 아이를 낳는 사람 자체를 비난할 생각은 절대로 없어요. 오히려 훌륭한 부모로서 좋은 인간을 키워내는 사람이 요즘 들어 많이 필요하다고 생각합니다!! 하지만 우리가 사는 세상은 당연히 수용할 수 있는 인구의 한계가 있는 건데, 아이를 너무 많이 낳는다는 말이 나오는 게 과연 그리 욕먹을 일일까요?? 현실적으로 생각해봤을 때, 인구가 많아지면 많아질수록 삶의 질은 더 떨어질 수밖에 없는거고요... 답없는 이상주의 사람들이 세상에 이렇게 많았나 싶어서 답답해지네요. 학우분들의 의견은 어떤가요?"
147,2017-03-06 01:10:22,0,"#81895번째울림
2017. 03. 05. 오전
<사는얘기>
 사회적 약자가 차별받거나 부당한 대우를 받는 일은 없애야겠지만, 본인들이 그것임을 필요 이상으로 내세워 다른 사람들에게 피해를 주는 상황이 답답하다."
148,2017-03-05 20:02:51,31,"#81886번째울림
2017. 03. 05. 오전
<술..>
선배님 술 취하셨을 때 너무 무서웠어요.. 기억 못 하시겠지만.."
149,2017-03-05 20:02:50,1,"#81885번째울림
2017. 03. 05. 오전
<사랑>
실은 그 때 너랑 헤어지기 정말 너무 싫었다. 죽기보다 싫었다. 이 상황이 너무 싫어. 나 좀 살려주라..."
150,2017-03-05 20:02:49,2,"#81884번째울림
2017. 03. 05. 오전
<저.. 진지합니다>
아니 초면에 공연하게 술자리에서 사람 얼굴가지고 웃음거리만드려고하는 무개념은 뭔가요? 얼굴평가 그런것도 다 성추행아닌가요? 나이 곱게쳐먹을것이지 창피해서 어휴"
151,2017-03-05 18:42:42,0,"#81880번째울림
2017. 03. 05. 오전
<학교>
진짜 나이많으면 예의좀갖춰줬으면.  초면에 외모비하에 말까고 말함부로하는건ㅋㅋㅋㅋ  하... 편입 편견안생기게 해주세요 제3자 보기너무 불편하네요"
152,2017-03-05 18:42:41,3,"#81879번째울림
2017. 03. 05. 오전
<사랑>
누군가의 생일이던 오늘이 이젠 의미 없이 지나가는 하루가 되었다
아플 줄 알았던 날은 조금 찌뿌둥한 어깨만 내게 안겨준 채 지나갔다
행복해"
153,2017-03-05 15:35:07,0,"#81861번째울림
2017. 03. 04. 오후
<사랑>
오랜시간 함께했던 남자친구에게 차이고 벌써 몇달이 지났어요. 
마음이 너무 불안정해서 밥도 못먹던 시기는 이제 지났어요. 
내가 더 잘 하지 못해서 헤어진게 아닐까 하는 무조건적인 자책감도 이제 많이 없어졌어요. 
그래서 이제 많이 괜찮아졌구나 하고 생각했는데, 요 몇주간 매일 그 사람 꿈을 꿔요. 
매일 아침마다 하루를 우울한 기분으로 시작하게 됩니다. 그래서 요즘 마음이 힘들어요. 
잊기까지 사귄 기간의 두배가 되는 시간이 필요하다는 말이 있던데 그럼 저는 너무 오랜시간을 힘들어야해요. 앞이 막막해요. 
그 사람은 잘지낼텐데 저만 혼자서 미련떠는거 너무 스스로가 병신같고 진짜 그만하고싶은데 마음대로 잘 안되요.
어떡해야 좋을까요? 이 마음의 찌끄러기까지 없애려면. 시간이 더더 많이 지나서 새로운 인연이 찾아오기 전까지는 힘든걸까요? 혼자 감정소비하는 제 모습이 한심해요."
154,2017-03-05 15:02:38,4,"#81858번째울림
2017. 03. 04. 오후
<사는얘기>
대통령 탄핵안 상당히 뜨거운데요. 탄핵 각하를 외치시는 사람들이 하도 답답해서 글을 올립니다.

탄핵 소추시 대통령의 권한이 정지되는 것은 불법사항이 아닙니다. 유죄가 판명이나야 탄핵을 할 수 있는 것도 아닙니다.

각하를 외치시는 분들이 몇가지 근거를 대서 주장을 하시는데 또 같은 성균관대 학생들이 많이 궁금해 하셔서 올립니다. (사실은 뉴스를 보고있는데 태극기 집회에 성균관대 깃발이 있는 것을 보고 충격을 먹어서..)  대한민국 헌법에 따라 탄핵소추안이 의결되어 헌재로 소추가 되면 탄핵대상자는 탄핵안이 선고될 때 까지 권한정지가 됩니다. 이는 헌법에 의한 것이지 전혀 옳다 그르다를 논할 상황이 못됩니다. 
유죄가 판명이 난 후 탄핵 소추를 해야한다고 하는데 대통령은 불소추특권이 있습니다. 검사에 의한 형사재판을 받지 않는 다는 것이죠. 유죄무죄는 누가 판단하나요? 법원이 합니다. 근데 검사는 대통령을 기소할 수 없습니다. 즉, 재직 중에는 대통령의 유무죄 판단이 형사재판을 통해 이루어질 수 없다는 것이죠. 즉, 유죄판결 후 탄핵을 소추해라는 말도 안되는 말입니다. 탄핵 소추안은 국회위원이 원고가 되어 해당 공무원을 피고로 헌법재판소에 소추제기를 하는 겁니다. 유무죄 판단은 한법재판소에서 하는거에요. (검사가 범인의 유무죄 판단을 법원에 맡기는거랑 같지요.) 원고는 유죄라고 주장하는 것이고 피고는 무죄라고 주장하는 것 뿐입니다. 즉, 유무죄 판단은 헌재에서 하는 것입니다. 탄핵소추안이 있어야 유무죄 판단을 할 수 있다는 겁니다. 인용이라면 유죄인 것이고 기각이라면 무죄인 거지요. 오히려 탄핵이 되어야 재직중이 아니게 되므로 형사책임을 물을 수 있게 되는 겁니다. 유죄여야 탄핵 소추를 할 수 있는게 아니고요. 항아아아아ㅏ아아아 

궁금하실까봐 관련 헌법조문을 올려놓습니다.
- 헌법 65조-② 다만, 대통령에 대한 탄핵소추는 국회재적의원 과반수의 발의와 국회재적의원 3분의 2 이상의 찬성이 있어야 한다.
65조-③탄핵소추의 의결을 받은 자는 탄핵심판이 있을 때까지 그 권한행사가 정지된다.
65조-④탄핵결정은 공직으로부터 파면함에 그친다. 그러나, 이에 의하여 민사상이나 형사상의 책임이 면제되지는 아니한다.
84조 대통령은 내란 또는 외환의 죄를 범한 경우를 제외하고는 재직중 형사상의 소추를 받지 아니한다.
헌법재판소법 53조-① 탄핵심판 청구가 이유 있는 경우에는 헌법재판소는 피청구인을 해당 공직에서 파면하는 결정을 선고한다"
155,2017-03-04 10:08:59,20,"#81793번째울림
2017. 03. 02. 오후
<학교>
명륜캠 교수회관식당..
안그래도 메뉴도 다양하지 않고 교내에 식사할 곳도 제한적인데
꼭 이렇게 가격 올려가며 고급화해야했나... 궁금합니다.
가니까 이젠 죄다 교수님들뿐이시네요"
156,2017-03-03 11:34:59,164,"#81762번째울림
2017. 03. 02. 오전
<인간관계>
새터 다녀온 17인데요 
16선배님들도 다 좋았는데 
오신 15선배님들이 너무 재밌게노셔서
더 친해지고싶어요...
15선배님들한테도 밥 사달라하고 친해질수있을까요??"
157,2017-03-03 11:34:56,31,"#81760번째울림
2017. 03. 02. 오전
<사랑>
Goodbye"
158,2017-03-02 00:41:37,323,"#81723번째울림
2017. 03. 01. 오전
<사는얘기>
안녕대숲! 오늘은 3월1일 삼일절이네요
삼일절은 우리오빠가 제일 좋아하는 날이에요. 광복절 다음으로요.
왜냐면 우리오빠는 거의 매일 유관순 누나, 김구선생, 대한독립만세! 를 계속말하거든요.
하지만 오빠는 애국지사가 아니에요. 밖에 태극기를 나가서 흔들지도 않아요.
(요즘말하는 태극기부대말구요ㅎ)

저보다 10살이나 많은 오빠는 몸이 조금 아파요. 여러병원을 다녀봤는데도
원인불명의 발달장애를 겪고 있어서 키도 크고 완전 잘생긴 30대인데 지능은 6살수준에 머물고 있어요.
그래도 남자라 그런지 걸그룹 티비에 나오면 엄청 좋아해요ㅋㅋㅋㅋ
이런 오빠가 도대체 어디서 저런 독립에 관한 정보( 윤봉길의사, 상하이 공원 폭탄 등)를 얻었는지는 
알 턱이 없어요. 티비에서 매일 그런 독립운동, 광복에 대한 얘기를 하지는 않을텐데 말이죠.
저런 얘기를 제가 기억하는 오빠의 모습동안 항상 했던 거 같아요.
그래서 깜짝깜짝놀라요. 가끔은 이상한 소리를 내서 온 가족이 스트레스를 받긴 하지만요.

지금은 오빠랑 떨어져서 서울에 있는데 삼일절이 되면 유독 오빠 생각이 많이 나네요.
그런 발달장애를 가지고 있는 사람들은
뭐 그림을 잘그린다던가, 기억력이 좋다던가 하는 특이한 재능?을 가진다고 들었는데 
오빠는 그런게 없는거 보면 생전에 혹은 아니면 아프지 않았다면 
애국지사가 되지 않았을까 하는 생각이 들어요.

정말 다행인건 그래도 오빠가 지금까지 아프지 않고 밥도 엄청 잘먹어요 ㅋㅋㅋ
여기까지 와주었다는 것입니다! 어렸을 땐 부끄럽고 싫었는데 
이제는 고맙고 가끔은 저보고 얼른 서울가라고 하지만 ㅋㅋㅋ 좋고 행복합니다. 
삼일절, 오빠가 많이 생각나는 날이라 끄적끄적 써보았는데 자고 일어나면 전화를 해야겠어요

대숲 가족분들 모두 행복한 하루가 되었으면 좋겠습니다! ㅎㅎ"
159,2017-03-02 00:41:34,9,"#81721번째울림
2017. 03. 01. 오전
<저.. 진지합니다>
군대를 다녀왔다.
21개월이라는 시간은 결코 짧지 않다.
나도 변하고 세상도 변했다.

나는 많이 거칠어졌다.
남을 배려한다는 변명으로 조심했던 언행이 감정에 따라 변하기 시작했고 상스런 말들이 늘었다. 자연스레 화가 늘어났지만 그것을 풀만한 환경은 사라져갔다. 삭히는 것도 한계를 보인다.

사회는 지금 그 어느 때보다 갈등이 심해졌다.
SNS에는 그 전보다 서로에 대한 막말과 폄하가 격렬하게 오고갔고 범위가 넓어졌다. 서로를 폄하하는 단어들이 늘어갔고 사람들은 여러가지 속성에 의해 수십개의 집단으로 분류되어 상반되는 집단과 싸우기를 멈추지 않았다.

다시 말하지만 이 모든 변화를 군대 안에서 겪었다. 밖이 었다면 이 변화에 대해 어느 정도 빠른 변화로 대응했을는지 모른다. 실제로 밖에 있던 친구들은 나름의 위치를 정하고 사는 것 같아 보인다.
하지만 나는?
제한된 정보와 입장의 제약
그 누구도 나와 이런 일에 대해 대화하지 않았고
그 누구도 나와 이런 일에 대해 대화할 수 없었다.
나 또한 제한을 핑계로 나태했던 것 같다.
문제는 이제 그 반동이 너무나 커서 톡을 하든 말을 하든 SNS를 하든 영화를 인터넷을 책을 무엇을 보든 답답함과 화가 내 속에서 끓어 오른다.
오늘 이 답답함을 해소해 줄까 해서 사회에서 문제되는 주제에 관한 책을 한 권 빌렸다. 오랫동안 소설이 아닌 책과 거리를 두어서 그런지 활자를 받아들이는 속도가 매우 떨어진 것을 느낀다. 시간이 필요하다. 하지만 신경쓰지 않고 사회는 인터넷은 주변은 수많을 말들을 쏟아내며 서로 헐뜯고 상처준다. 이 주변의 모습이 보이지 않으면 상관 없지만 보일 수록 답답하고 화가 쌓인다."
160,2017-03-02 00:41:32,4,"#81720번째울림
2017. 03. 01. 오전
<사는얘기>
특검의 활동기간이 끝나고 남은 수사는 다시 검찰이 진행하게 될텐데 어떻게 보시나요?
검찰이 특검만큼 날카롭고 광범위한 수사를 할 수 있을까요?
이미 박근혜를 공범으로 적시했으니 네가 아니면 내가 죽는다는 생각을 할 것 같기도 하고...
지금까지 검찰의 행태를 보면 전혀 믿음이 안가고..ㅎㅎ
우병우, 김기춘같이 검찰에 끈 있는 사람들에 대한 수사는 많이 걱정이 되네요"
161,2017-03-01 23:40:38,119,"#81713번째울림
2017. 03. 01. 오후
<학교>
17새내기 여러분 새터에서 정말 즐거웠어용ㅎㅎㅎ
혹시 불편한 점은 없었나 걱정되네요ㅜㅠ
저는 정말 잘 보낸 것같아요ㅎㅎㅎ 개강하고 꼭 인사하고 다녀여"
162,2017-03-01 17:06:50,0,"#81699번째울림
2017. 02. 28. 오후
<사는얘기>
하... 내 인생... 여태까지 살면서 걱정이라고는 해본적이 없었어요... 고등학교때 수시를 다 떨어진 상황에서도 별걱정없이 살았었는데... 저 어쩌면 좋나요... 하..."
163,2017-02-28 17:59:51,2,"#81670번째울림
2017. 02. 27. 오후
<사랑>
우리는 헤어졌지만 난 하루에도 몇번씩 네 생각을 해
하루에도 몇번씩 그 선택을 후회하다가도,
또 그만큼 많이 잘한 선택이었다고도 느껴
우린 서로를 시험해봤던 거였어
반 정도는 외부적 상황에 의해서
난 네가 날 좋아하긴 하는지 그게 늘 불안했어
그래서 내가 먼저 널 시험했고
그거에 지친 네가 먼저 이별을 말했지
그래도 내가 널 잡았다면 어떻게든 그 관계는 이어졌겠지만 난 그러지 않았지
그게 잘한 선택인 건진 아직도 모르겠어
여전히 널 좋아하긴 하니까..
혹시 너도 날 여전히 좋아하니
상황이 해결되면 우리 웃으며 볼 수 있을까"
164,2017-02-28 11:35:16,0,"#81645번째울림
2017. 02. 27. 오후
<그 외 (위의 카테고리 외 기타 등등)>
매일 저녁 6~8시 사이만 되면 꼭 몸에서 미열이 나서 축 처집니다.. 왜 그럴까요"
165,2017-02-27 23:52:23,25,"#81631번째울림
2017. 02. 25. 오후
<저.. 진지합니다>
통금이 열십니다.. 집 나갈까요?"
166,2017-02-27 21:51:37,4,"#81623번째울림
2017. 02. 26. 오후
<사는얘기>
 정말 타고나는건 어쩔수가 없는것 같다. 내가 이렇게 태어났음을 알고, 어떤것이 문제인지도 알겠는데 고칠 방법이 없다. 그대로 끌어 안고 갈 수밖에 없는데, 그러면 잃는것이 너무 많다. 착잡하다."
167,2017-02-27 21:51:36,3,"#81622번째울림
2017. 02. 26. 오후
<게임>
마스터를 가고싶은데
왜 계속 3400점을 반복하는 걸까
1시즌은 70이었는데"
168,2017-02-27 13:01:56,0,"#81608번째울림
2017. 02. 26. 오후
<사는얘기>
제게 남동생이 하나 있는데 이제 고등학생이 됩니다
작년부터는 고등학교에 가겠다고 공부를 열심히 해보고 있는것같긴 한데 아무래도 공부를 처음 하다보니 많이 힘든가봐요
저도 고등학교때 공부하는것도, 인간관계도 어느 것 하나 쉽지 않았는데 제가 첫째라 의지할곳이 없어서 많이 힘들었거든요
그래서 동생에게는 제가 도움을 주고 싶은데 어떻게 도움을 줘야할지 모르겠어요
이제 제대했더니 동생이 저를 어색해하는거같고 제가 대화를 하려고 해도 별로 관심이 없어보입니다
해외축구나 게임같이 본인이 관심있는 주제로 이야기를 꺼내면 확 말이 많아지다가도 학업 얘기, 친구관계에 대해 힘든점은 없는지 도와줄점은 없는지 물어보면 답을 피해요
또 제가 공연보러가자거나 놀이공원에 놀러가자고해도 별로 내키지 않는것같아요 친구들이랑은 잘 가는것같은데 말이죠 ㅠㅠ
그래서 필요한데 쓰라고 용돈만 가끔 줍니다 (동생이 부모님한테 기본적인 용돈은 받습니다)
저는 동생이 정말 좋은 사람이 되었으면 좋겠어요
어떻게 도움을 줄 수 있을까요
제가 너무 걱정이 많은걸까요?
그냥 두는게 좋을까요?"
169,2017-02-26 21:26:08,10,"#81578번째울림
2017. 02. 25. 오후
<술..>
중학교때 피부때문에 같은반 친구들에게 놀림받고
전남친이 친구들과의 카톡에서 솔직히 내여친은 못생겼다고 말한걸 본 뒤로 얼굴에 심한 콤플렉스가 생겼다
대학교 합격하고 성형을 하고 온갖 시술을 받았다
예전보단 나아졌지만 그래도 나를 사랑할수가 없다
거울을 보면 단점밖에 보이지 않는다
오늘도 거울을 보며 운다 나는 너무 못생겼다 우울하다"
170,2017-02-26 21:26:05,16,"#81575번째울림
2017. 02. 25. 오후
<취향입니다 존중해주시죠>
 아이돌들, 여자 아이돌들 보면 예쁜 사람들 참 많습니다. 저러니까 연예인을 하구나 싶을 정도로요

 그런데 그 중에서 쯔위랑 아이린은 좀 너무하다는 생각이 드네요. 어떻게 사람이 저렇게 예쁠 수 있죠? 이건 말이 안돼요. 그리고 쯔위는 그 나이에도 몸매가...읍읍... 진짜 세상 혼자산다는 느낌을 받네요. 그런 의미에서 쯔위는 사랑입니다. ♡"
171,2017-02-26 20:07:13,3,"#81574번째울림
2017. 02. 25. 오전
<사랑>
넌 내게 가끔씩 묻곤 한다. 나를 언제 좋아하게 되었냐고

 나는 그럴 때 마다 그런 것 좀 물어보지 말라고 괜히 네 어깨를 밀었고
왜 말해주지 않냐고 칭얼거리는 너를 보며 그냥 웃기만 했어.

 사실은 나도 잘 모르겠어,
정신을 차려보니 나는 어쩐지 널 좋아하고 있었다.
좋아하는 마음에도 채도가 있다면 널 좋아하는 마음이 선명해 진 것은 아마 꽤 최근의 일이겠지 
그래도, 내 마음을 물들였던 그 수많은 계절 중에서  그래도, 굳이 하루를 꼽는다면, 
그건 우리가 처음으로 전화를 했던 날일거야.

 기억나니? 내가 스무살이고 네가 스물 한 살 이었을 때. 우연히 너는 내 기숙사 앞 건물에서 문자를 하고 있었어. 잘 알지도 못하는 재수생, 반수를 했다면서도 새내기보다도 더 새내기 티가 나는 숫기 없는 동기. 그 때 네 인상은 딱 그 정도였지. 그런데 갑자기 그 어수룩한 동기가 창문을 열어보라고 했다. 그래서 나는 별 생각 없이 창문을 열었는데, 네가 맞은편 창문에서 웃고 있었어. 이게 뭐야, 하고 웃다가 문자로 하던 얘기를 마저 하다가, 네가 내 목소리가 잘 안들린다고 전화를 했어. 봄 밤이었고, 교정은 막 꽃이 피려던 참이었고, 기숙사 공기에선 소주 냄새가 났고, 세상이 온통 시끄러웠던 날이었어. 그런데도 왜인지, 네 목소리는 잘 들리더라고. 우리가 사귀게 된 것은 그 다음 봄의 일이지만, 그렇게 나는 내가 네 목소리를 좋아한다는 걸 그날 처음으로 알았다.
눈치 없는 너는 이 글을 읽어도 너인지 모르겠지? 넌 기억력도 나쁘니까.

 ㅇㅇ아, 이제 곧 다시 봄이 온다. 내 봄은 온통 너였는데 네가 곁에 없는 계절을 나는 어떻게 지내야 할 지 잘 모르겠어. 너는 곁에 없는데 마음은 왜 자꾸 짙어지기만 할까, 내년 봄도, 그 내년 봄도 너는 이렇게 선명한 색일까, 그런 생각을 하면 나는 조금 무서워져. 무서워서 나는 너에게 널 언제부터 좋아했다고 말하는 일이 사실 겁이 나"
172,2017-02-26 18:59:18,0,"#81565번째울림
2017. 02. 25. 오전
<사랑>
오늘 간담회 갔다왔는데 17학번인 저와는 학번 차이가 매우 많이 나는 선배님을 만났어요..! 얼굴도 준수하시고 유머도 있으시고 분위기도 잘 이끌어가셔서 멋있다고 생각했는데 집에 오니 자꾸 생각나네요..ㅜ 그분은 절 여자가 아닌 그냥 꼬맹이로 보겠죠??ㅠㅠ 아침이 되면 이런 감정이 사그라들었으면 좋겠어요 지금은 너무 감성적이야.."
173,2017-02-26 15:44:16,0,"#81553번째울림
2017. 02. 24. 오전
<사랑>
20일동안 사귄 너와 헤어진지 세달째야.
아무런 말없이 잠수로 이별을 고해버린 너를 욕하고 미워하느라 한 달을 보냈고,
너를 잊었다고 나를 자기위로 하는데 한 달을 보냈고,
고작 20일 만나놓고 아직 너를 못잊었다는 사실을 잊기 위해 한 달을 보냈어.

어제 너가 꿈에 나오더라.
배경까지 생생하게 기억이 나는 꿈이었어.
너는 새로운 여자친구와 있으면 5시간이 5분처럼 느껴진다는 말을 하고 행복한 표정으로 너의 새 여자친구에 대해 얘기했어.

그리고 오늘도 너가 꿈에 나오더라.
너는 내 전화를 계속 받지않고, 나는 너를 내내 찾아다녔어.
그러다가 널 발견하고 너의 손을 잡으면서 나는 울고 있더라.
내가 너랑 자기에는 아직 이른 것 같다고 말해서 나한테 그렇게 말했냐고 
너랑 자면 다시 만나줄거냐고 말하면서 울더라.

나를 보고 20일은 만난것도 아니라며 그딴 애를 왜 못잊고있냐고 할때마다, 다 잊은척했지만 사실 못잊었었나봐
근데 꿈에서 너가 이런 애였다는걸 다시 확인해주네
이젠 진짜 잊어볼게"
174,2017-02-26 12:08:28,0,"#81538번째울림
2017. 02. 25. 오전
<사랑>
전 왜 항상 안될까요..마음에 들어서 먼저 연락하고 밥 먹고 데이트하고 헤어지고 나면 항상 연락 두절되네요.. 항상 첨에는 잘 되는 듯 싶은데 결국은 차이는 이런 레파토리 항상 왜일까요 ㅠㅠ 결국에 연락 안할꺼면 만나주지나 말지.."
175,2017-02-25 18:45:04,54,"#81521번째울림
2017. 02. 25. 오후
<저.. 진지합니다>
대숲!!! 저 너무 억울해요ㅠㅠ
열심히 공부해서 행복한 마음으로 입학했는데
성균관대학교에 입학했다고 하고 수원이라고 하면 다들 공부좀 열심히하지... 라고 말씀하시고ㅠㅠ
게다가 옆학교 대숲을 보니깐 분교라고 생각하시는 분도 많고ㅠㅠ
단지 문이과가 떨어진 것 뿐인데 왜 이런취급을 받으며 다녀야 하는 것일까요... 꼭 합격하고 싶은 학교였는데..."
176,2017-02-25 18:45:00,1,"#81518번째울림
2017. 02. 25. 오전
<사랑>
대숲... 
나한테는 오래 사귄 여친이 있어요. 한때 장난스럽게 결혼약속까지 했었지만 요즘 사이가 많이 멀어졌어요. 난 사랑하면 보고싶어져서 일주일에 3,4번은 만나자고 하는데 그런 내가 오히려 불편하다고 거리를 두네요. 어렸을때 많이 외로웠어서 첫 연애이기도 해서 너무 보고싶었고 혼자 속앓이를 많이 했어요. 그래도 주변에서 그정도 사귀면 헤어질 때가 됐다는 말을 되게 많이 들었지만 딴여자한텐 관심 1도 없이 무시하고 있었다요? 
근데 지금은 쫌 많이 고민돼요. 오늘 술자리에서 우연히 저랑 진짜 잘맞는 사람을 찾았어요. 아직 많이 못만나봤지만 오늘 챙겨주고 같이 집가면서 좋아하지 않는다고 못할거 같아요. 한가지 아쉬운게 있다면 나는 쫌 길게 보고 사귀고 싶은데 그 친구는 정말 다양한 애들을 짧게 많이 만나보는거? 그래도 그친구랑 부축겸 팔짱끼고 걷는게 좋아서 진작 술깼지만 취한척 했던 나를 보면 좋아하는건 맞는거 같아요..ㅎ
내가 생각이 어려서 두 여자중에 방향을 못잡는걸까요? 새 사람을 만나고도 싶지만, 여자친구랑 추억을 잊기가 너무 힘드네요....."
177,2017-02-25 16:47:20,3,"#81513번째울림
2017. 02. 24. 오후
<저.. 진지합니다>
이번에 기숙사에 붙어서 올라가게 된 지방러예요. 왕복 4시간이 좀 심하다 싶어 기숙사를 신청한 건 좋은데 다른 사람하고 같이 살 생각을 하니 많이 걱정되네요 ㅠㅠㅠ 순간순간 기분이 확 우울해질 때도 많고 가까운 공간에 누가 있으면 그 사람 행동을 하나하나 의식할 만큼 예민한 편인데 룸메랑 잘 지낼 수 있을까요...!? 그냥 사람이 근처에 있는 것 자체를 싫어해서 기숙사를 내 집이다 생각할 수 있을지 모르겠고... 통학도 기숙사도 심란해서 대숲에 우울한 소리 조금 해봅니다 8-8"
178,2017-02-25 10:56:24,0,"#81510번째울림
2017. 02. 24. 오전
<게임>
모놀리움은 다모았는데...
진피퀘를 맨날까먹어요 ㅠㅠ"
179,2017-02-25 10:56:23,117,"#81509번째울림
2017. 02. 24. 오후
<인간관계>
오늘 타 대학 친구랑 싸웠어요.

이번에 불참비 사건으로 그 친구가 '성대는 수준이 다 그런거니?'라면서 혀를 차길래 빡쳐서

'그럼 니네 학교는 다 유체이탈 화법 쓰는 무능력한 애들만 모여있는 곳이니?'

라고 했더니 울그락불그락해져서 쌍욕을 하고 자기 혼자 집에 가더라고요.

근데 여기까지는 괜찮은데, 친구들 단톡에 제가 완전 몹쓸 년인 것처럼 묘사하고 저격질을 하고, 친구들도 저한테 너 그런 애인줄 몰랐다고 사과하라고 해요.

제가 잘못한건가요? 좀 억울하네요."
180,2017-02-25 10:56:18,0,"#81505번째울림
2017. 02. 24. 오후
<사랑>
너 진짜 잔인하다
꼭 그 애여야 했어?
나는 이제 너랑 절대 잘될 수 없는 사이가 돼버렸네
니가 나한테 은근히 선그을 때 마다 마음 아프던건 아무것도 아니었구나
니가 그애랑 만나는 이상 나랑도 계속 보게 될 텐데
이건 나한테 너무 잔인하잖아...
묻고싶다 니가 그애를 좋아하게 되었을때
내 마음 한번이라도 걱정했는지.. 그냥 궁금해
걔 진짜 좋은애야 그래서 정말 다행인데
그래서 더 맘이 아프다
나 혼자 몰래 상상해 보곤 했던, 만약 속에는 있던 '우리'라는 단어가 세상에서 아예 사라져버렸다는게
미안해 진심으로 기뻐하지 못해서
행복했으면 좋겠다
이건 진심이야
그친구라면 너 행복하게 해주겠지?
나는 조금만 기다려 주면,
그 행복 내가 탐내지 않게 될 만큼만 기다려주면
그때 너희 곁으로 돌아갈게"
181,2017-02-24 21:50:40,94,"#81495번째울림
2017. 02. 24. 오후
<학교>
Gls 개선 좀 해줬으면 좋겠다
모바일 기능이 pc에 비해 너무 없어"
182,2017-02-24 20:07:58,6,"#81492번째울림
2017. 02. 24. 오전
<사랑>
요즘 문득 네가 좋다...
아니지 원래부터 좋아했었다
갑자기 다가서는 내 모습에 
뒷걸음질 치지말고 
딱, 그 자리에만 있어줘
금방 네게로 스며들테니"
183,2017-02-24 01:20:15,5,"#81462번째울림
2017. 02. 23. 오전
<사는얘기>
돼지처럼 먹고 죽을만큼 운동하고를 끊임없이 반복해요. 살려주세요."
184,2017-02-24 01:20:09,5,"#81458번째울림
2017. 02. 23. 오후
<사는얘기>
내가화낼만한 일은 아닌데 기분개더럽다 
그래 그냥 그렇게 살아"
185,2017-02-24 00:38:07,4,"#81454번째울림
2017. 02. 23. 오후
<사랑>
대숲 제 인생 처음으로 관계를 가졌어요. 관계를 가질땐 좋았는데 다 끝나고 나니 마냥 행복함보다는 뭔가 버림받은거 같은 기분을 지울 수가 없네요. 나를 많이 아껴주지 않은거 같다는 생각도 들구요. 조금 더 날 예뻐해줬으면 좋겠는데 그러지 않아서 밉기도 해요. 제 연애는 항상 왜이렇게 순탄치 못한걸까요 괜히 자존감만 낮아지구 울적하기만 한 하루네요"
186,2017-02-23 23:12:15,3,"#81445번째울림
2017. 02. 23. 오전
<학교>
졸업하고 취준하면 안돼요? 꼭 졸업유예하고해야되나... 실제로기업이 유예자를많이 선호하나요? 인턴이나...
나이도있고 대학도싫어서 빨리졸업장따고 할거하고싶어요"
187,2017-02-23 21:56:16,0,"#81442번째울림
2017. 02. 23. 오전
<질문/건의/의견>
지금 만나는 사람은 저의 첫사랑이에요. 일년 넘게 사귀었는데 혼자 고민이 많아져서 올려볼게요! 사귀기 초반엔 같이 만나서 놀았을때의 느낌, 분위기, 한 얘기들 모두 자기전에 기억하면서 행복해하며 잠이 들었어요. 그 사람이 꿈에도 매일 나오고 하루종일 그사람 생각만 하고 생각나면 웃음이 나고 더 오래 만나고싶고 그랬어요. 시간이 지나다 보니까 이런 감정이 점점 없어져가고있는것 같아요...... 사람들은 당연한거고 익숙해지면서 편한 사이가 되는 과정이라고 쉽게 생각하는것 같은데 전 그렇게 잘 안되는것 같아요. 다른 사람을 만나고 싶은 생각도 없고 이 사람이 계속 내 옆에 있었으면 좋겠지만 제가 전처럼 이 사람을 좋아하는게 아닐까봐 두려워요ㅠㅠ 예전의 추억때문에 이 관계를 유지하는걸까요?"
188,2017-02-23 15:13:28,2,"#81432번째울림
2017. 02. 22. 오후
<저.. 진지합니다>
대숲.. 저 자각몽 꾸는 것 같아요.. 그동안 다들 그런가보다.. 생각했는데 우연히 찾아보니까 이게 자각몽. 루시드드림이군요..! 짱신기..!"
189,2017-02-23 10:43:43,2,"#81421번째울림
2017. 02. 22. 오후
<군대>
다행이야. 아직 많이 좋아하지 않아서.
오늘 되게 많이 아팠는데, 네 생각이 나더라. 울고싶었어. 그래도 다행이야. 눈물이 나진 않더라.
잘 들어가고, 앞으로도 연락하지 마. 나도 하지 않을 생각이니까. 
내가 네 우선순위의 저기 밑바닥을 차지한다는 사실을 깨달았으니까. 날 그정도의 가치로 밖에 생각하지 않는 사람에게 내 시간, 감정들 쏟고싶지 않아졌어.
안녕. 즐거웠어. 설렜고."
190,2017-02-22 21:39:03,1,"#81405번째울림
2017. 02. 22. 오후
<인간관계>
안녕하세요~ 이번에 새로 입학한 17학번 새내기입니다ㅎㅎㅎ

원하던 대학에 입학하게 돼서 지금 너무 행복한 상태랍니다ㅎㅎ

한가지 걱정이있다면 제가 좀 낯을 심하게 가린다는 건데요..

그래서 개인적으로는 새터처럼 다수의 모르는 사람들과 초면에 술자리를 가지는 걸 선호하지 않는 편이에요ㅠㅠㅠ (결국 새터 신청은 안했어요..)

가전공같은거도 생겨서 엠티같은것도 많던데 그런거 참석 안해도 사람 사귀는데 지장이 없을까요..?? 아니면 억지로라도 가야 할까요..???"
191,2017-02-22 20:27:29,75,"#81401번째울림
2017. 02. 22. 오후
<인간관계>
왜 단톡에서 내가 말하면 썰렁해지는걸까...."
192,2017-02-22 15:43:35,2,"#81394번째울림
2017. 02. 22. 오전
<사랑>
되게 허무하게 헤어지니까 말도 안나옵니다..재수가 뭐라고..."
193,2017-02-22 15:43:31,5,"#81391번째울림
2017. 02. 22. 오후
<사랑>
방학이 끝나가는 이 시점에 글을 잘 못 쓰지만 조금만 끄적이다 가보려 합니다.

페북에 돌아다니는 수많은 게시글 중,
이터널선샤인이라는 영화에 대한 후기를 보았습니다.
사랑을 다시 믿어볼까, 하게 만들었던 영화라고 하더군요.
그 영화를 본 사람 중 한 명으로써 굉장히 공감하는 후기였습니다.

저는 단기간에 여러 사람을 만난 전적이 있습니다.
흠이라면 흠이겠고, 흠이 아니라면 흠이 아니겠죠.
짧게 여러 사람들을 사귀면서
처음엔 분명 좋았는데 왜 며칠만에 싫어지는걸까 고민도 해보고,
나는 진짜 사랑을 우습게 아는건가 생각도 했었고,
앞으로 평생 누군가를 사랑할 수 있을까 회의감도 많이 들었습니다.
그러면서도
이번엔 다르겠지 다를거야 하면서 매번 사귀었었죠.

그런 시간들이 흐르고 흘러
연애라는 것이 정말 무서워서 하기가 싫어지고 
사랑이라는 것이 정말 안 믿겨서 있나 싶어질때쯤
지금 사귀는 사람을 만났습니다.

여자친구 남자친구라는 연인으로 맺어진지 꽤 시간이 지난 지금,
아직 행복합니다.
아직도 그 사람이 좋습니다. 
여전히 보고싶습니다.

이터널 선샤인이 사랑을 다시 한번 믿어볼까 하게끔 만드는 영화라면
그 사람은 제게 있어서 사랑을 다시 한번 믿어볼까 하게끔 만드는 사람입니다.

이 연애도, 이 사랑도 불완전하고 별반 다를 것 없는 연애고, 사랑이겠지만
불완전하고 별반 다를 것 없는 연애와 사랑이라도 좋으니 그 사람과 같이 계속 해보고 싶습니다.

그냥 문득,
창 밖을 보다 생각이 나서 적어봅니다.
직접 전해주기는 쑥스럽네요.

다들 방학 잘 마무리하시길 바랍니다."
194,2017-02-22 14:11:11,907,"#81387번째울림
2017. 02. 22. 오전
<성균관대학교 대나무숲>
 곧 새내기배움터예요. 가서 장기자랑하는 과도 있을 거구요. 저희 과는 오리엔테이션 다음날부터 나와서 장기자랑 연습을 하는 걸로 되어있었습니다. 다만 참여율이 저조했던 모양인지, 아마 새터를 가는 친구들에 한해 연습 불참비를 걷게 됩니다. 불참 5천원에 지각 3천원, 여행이나 알바의 경우 2천원. 그리고 오늘 단톡방에 또 공지가 올라왔어요. 내일부터라도 불참하는 사람들의 명단이 학생회에 넘어간다, 벌금을 내일부터는 불참비 2만원, 지각비 만원으로 인상한다. 

 저는 이게 정상이라고 생각하지 않습니다. 선배님들의 말마따나 추억을 만들기 위한 일인데 굳이 돈이 엮일 이유까지도 모르겠고요. 즐겁게 하자고 하는 건데 왜 누군가는 빠듯해야 하나요? 벌금이 정확히 어디에 들어가는지도 공지에는 명시되어있지 않았습니다. 이건 물어보지 않은 제 책임일지도 모릅니다. 하지만 제가 낸 돈이 어디에 쓰일 건지를, 제가 직접 개인적으로 물어보기 전까지는 몰라야 하나요? 왜 의무가 아닌 일을 굳이 의무처럼 몰고 가시나요?

 문맥으로 봐서는 작년에도 연습 불참비는 있었던 것 같습니다. 또 불참하는 학생들 명단을 넘긴다는 점도 그렇고요, 비단 우리 대에서만 일어났고 끝날 문제는 아닌 것 같네요. 불참 명단을 받으면 어떻게 하실 생각이실까요.

 저는 학교에 입학했다는 사실이 자랑스러웠고, 이런 일은 남의 학교에서만 일어난다고 생각했는데 그건 아닌 것 같습니다. 하지 않는다는 사람에게 강요하거나, 강요가 아니라고 해도 보이지 않게 밀어붙이는 건 온당한 일은 아니에요.

읽어주셔서 감사합니다."
195,2017-02-22 10:02:14,5,"#81371번째울림
2017. 02. 21. 오후
<사랑>
야 참 웃기지 않냐 넌 나한테 정말 둘도 없는 친구였는데 말야.

네가 애처럼 날 놀리며 함박 웃을때도 아 괴롭히지말라며 너 싫다며 징징거리면서도, 네가 학교에 오지않는 날이면 난 꽤 쓸쓸했거든. 
무슨 세시에 수업이 끝나냐며 너한테 핀잔주면서도, 고픈배를 참아가며 세시간을 기다려 너랑 밥 먹는 그 시간이 난 꽤 행복했거든.

그래도 난 너가 만난 친구들중 최고로 소중한 친구 중 하나니까, 니가 말했듯이.

난 너에게 소중한 것을 뺏고 싶지 않아서, 내가 나에게 소중한 감정을 꾹꾹 눌려 담을게.

네가 볼 수 없는 시간을 틈타 너의 소중한 친구가."
196,2017-02-21 23:54:45,3,"#81363번째울림
2017. 02. 21. 오후
<사랑>
하고싶은 얘기가 있었는데 누군가 내심정을 잘 헤아리는 글을 써서 올리게됬어.

너도 이제 좋은 사람 만나서 행복해져야지.

말 예쁘게 하는 사람, 연락 잘 되는 사람, 상대방이 우선순위인 사람, 이성관계가 복잡하지 않은 사람, 다 좋지만 결국 네가 좋아서 죽을 만큼 애틋한 사람을 만나. 그래야 가장 행복하니까.

편한 사랑은 어디에도 없어. 사람과 사람이 만나는 일은 항상 알다가도 모르고 어렵기 마련이야. 누굴 만나든 서로를 맞춰가는 과정에 있어서 삐꺽거리기 마련이니까. 그냥 속 편하게 너를 사랑하는 사람 만나는 게 정답이라고 말해주고 싶어.

아리송하게도 내가 좋아하는 사람은 날 좋아하지 않고. 나를 좋아해 주는 사람은 내가 좋지 않다는 것이 사람 마음이니까. 외롭다고 마음에도 없는 사람을 품어서 서로에게 상처가 되는 연애는 하지 않았으면 좋겠어.

따뜻한 말로 포장하여 이 사람 저 사람 만나라 하는 것보단, 네가 정말로 행복을 느끼며 사랑받는 연애를 하였으면 하는 바람으로"
197,2017-02-21 21:07:50,14,"#81357번째울림
2017. 02. 21. 오후
<취향입니다 존중해주시죠>
전 루니마라가 너무 좋아요....! 
소셜네트워크에서 처음봤는데 너무 매력적이었고, her에서는 너무 아름다웠고, 밀레니엄에서는 너무 멋있엇어요..! 캐롤을 보고서는 제가 케이트블란쳇이 되고 싶을 정도였구요... (사이드이펙트에서도...!) 
근데 제 친구들은 하나같이 못생긴건 아닌데, 그정도는 아니라고 말하더라고요..(이게 무슨...!)  
우리 성대생 분들 중에 절 격하게 이해해줄 수 있는 루니마라 덕후 없으신가요???"
198,2017-02-21 16:09:39,923,"#81346번째울림
2017. 02. 21. 오후
<학교>
성뽕에 취하려다 저걸보고 약간 자괴감이 들어요.... 무엇보다 내가 저걸보고 웃었다니 참을수없엇!!!!"
199,2017-02-21 14:59:41,21,"#81341번째울림
2017. 02. 21. 오전
<사랑>
트둥이 나연같은 여자 없나요......? 이번은 진짜 나연닮은 여자분 만나고 싶은데 ㅠㅠㅠ
ㄴㅇㅇㅅㄹㅇㄴㄲㅋㅌㄱㄹㄴㅅㄹ"
200,2017-02-21 14:59:40,0,"#81340번째울림
2017. 02. 21. 오전
<사는얘기>
유럽 여행을 계획하는 중인데요
맥락 없이 동양인을 보면 비하하거나 인종차별적인 말을 하는 개념없는 사람들을 만날때 어떻게 하지...라고 고민하는 중인데
저도 같이 (손가락욕)을 하면서 한국어로 욕해도 되나요! \(^-^)/
사실 제 성격상 여행하다 저런 사람 만나면 반사적으로 저럴거 같긴 한데...."
201,2017-02-21 12:17:38,3,"#81335번째울림
2017. 02. 21. 오전
<사랑>
ㅋㅋㅋㅋㅋ이번 트둥이들 안무인데 1년전 JYP 의 Fire 안무에나온 코난 춤이랑 비슷하지 않나요 넘졸귀...
ㅌㅇㅇㅅㄹ ㅋㄴㅇ ㅅㄹㅇㄴㄲ ㅋㅌㄱㄹㄴ ㅅㄹ"
202,2017-02-21 06:17:38,8,"#81322번째울림
2017. 02. 21. 오전
<인간관계>
왜 제 주위에는 사람이 없을까요. 대학교 올라와서 함께 이야기하고 웃을 친구 한 명 못 사귄 것 같네요. 연락할 사람 한 명만 있어도 너무 좋은데 그것 조차도 없고 방학이라 항상 혼자네요. 아무리 저를 꾸며봐도 봐 줄 사람 하나없어요. 이제는 사람을 사귀는 법도 잊은 것 같아요. 너무 힘들어요..."
203,2017-02-21 02:10:24,8,"#81321번째울림
2017. 02. 20. 오후
<사랑>
몹시도 좋았어 너랑 함께한 시간들 
서로 더 행복할 수 있기를"
204,2017-02-21 02:10:23,2,"#81320번째울림
2017. 02. 20. 오후
<사는얘기>
그사람은 이제 나같은건 신경도 안쓸텐데 자꾸 생각나고 신경쓰고 찾아보는 나레기... 나에게 너무 큰사람이었나봐요 ㅠㅠ"
205,2017-02-20 21:54:11,6,"#81313번째울림
2017. 02. 20. 오후
<인간관계>
누구한명이라도 내 모든 비밀을 나눌 수 있는 진심으로 날 아껴주고 사랑해주는 친구가 있길 바랬는데..
넘을 수 없는 선이 느껴질때마다 이젠 포기해야하나 싶다"
206,2017-02-20 14:18:29,73,"#81283번째울림
2017. 02. 20. 오전
<사랑>
트와이스 컴백했어요!!!!!! 다현??"
207,2017-02-20 10:39:08,13,"#81276번째울림
2017. 02. 20. 오전
<사는얘기>
여러분 유유상종이라는 말이 괜히 있는게 아닙니다..주변이 어떻든 어떤 한 사람은 꼭 주변과 같지 않을거야라고 생각했던게 바보 같았던 거 같아요. 완전히 똑같지는 않더라도 친하게 지내는 사람들이 어떤가를 보세요. 큰 틀에서는 똑같습니다."
208,2017-02-20 03:57:21,2,"#81267번째울림
2017. 02. 19. 오후
<사랑>
어느새부턴가 네가 남자로 보여. 처음에는 발 넓고 오지랖 넓은 엘씨원으로만 보였었고, 그런 너와 갑작스레 친해지게 되었지.

언제나 남사친 여사친의 존재를 부정하던 나였지만 너만큼은 정말 좋은 남사친이라고 생각했어. 너 역시 나를 그렇게 생각할거야.

남자친구도 아닌데 이만큼이나 가까워질수도 있구나 생각했어. 남사친같은거 전부 다 잠재적 연애상대라고 생각했던 나지만, 너랑은 평생 좋은 친구로 남고싶다고 생각했어.

그런데 요즘은 뭔가 이상하네... 너가 다른 여자애들얘기 하는게, 친하게 지내는게 신경쓰여. 내가 널 좋아하는 걸까? 그런 것 같기도 해. 하지만 이 마음은 아무에게도 들키지 않게 내 속에만 잘 숨겨둘거야. 괜한 고백으로 멀어지고 싶지 않으니까. 이대로 너의 친구로 같이 있을 수 있다면 그것도 좋은 선택인 것 같아. 
좋아해..는 모르겠고, 요즘 참 네가 신경쓰인다"
209,2017-02-20 01:43:25,1,"#81263번째울림
2017. 02. 19. 오후
<질문/건의/의견>
새내기는 아닌데 정말 아는사람 하나없는데 새터에 참여해도 잘 어울릴 수 이쓸까요...?"
210,2017-02-19 20:22:48,21,"#81250번째울림
2017. 02. 19. 오후
<취향입니다 존중해주시죠>
나만 그런지 모르겠지만 오타쿠는 자기 취미를 밝힐때 자신감이 떨어진다. 일단 인싸들의 취미로 유명한 축구를 소재로 간단하게 글을 써봤다.

""제 취미는 축구입니다. 제일 좋아하는 선수는 호날두입니다. 제 방에는 축구선수 포스터가 붙어있고 제 핸드폰에는 명경기 하이라이트를 1000장면
 넘게 모아놓은 폴더가 있습니다.""

위와 같은 취미 소개는 그냥 평범한 자리에서 말해도 무난하게 들린다. 그리고 위 문단을 애니를 소재로 바꿔보았다.

""제 취미는 애니 감상이고 제일 좋아하는 캐릭터는 미야미즈 미츠하입니다. 제 방에는 애니 포스터가 붙어있고 제 핸드폰에는 좋아하는 캐릭터의 일러스트를 1000장 넘게 모아놓은 폴더가 있습니다.""

분명 똑같은 자기소개인데 뭔가 제정신으로는 말못할것 같다. 나는 덕밍아웃하고 당당하게 취미생활을 하고싶지만 이상하게 그러질 못하고 주변의 눈치를 보고 산다."
211,2017-02-19 20:22:45,7,"#81247번째울림
2017. 02. 19. 오후
<질문/건의/의견>
이제 입시 다 끝나서 관심 없으시겠지만..
저는 지금 입시가 기왕 줄세우기인 현재 상황에서, 정시에 한정하여 이야기하자면

1.평가원이 수능 데이터, 정보를 투명하게 공개하면 정시에서 혼란이 줄어들 거라고 생각하는데 여러분은 어떻게 생각하시나요? 이름, 학교 없이 원점수, 표점, 분포 등을 공개하는 거죠..
이렇게되면 사설 업체들이 컨설팅 명목으로 받아먹는 어처구니 없이 비싼 금액을 조금 낮출 수 있지 않을까 하는데요..

2. 현재 정시 원서를 가나다군 세곳만 쓸 수 있는데 왜 이렇게 군을 나누는지도 모르겠고... 원서를 한정적으로, 쓸 수 밖에 없게 해놨는지도 모르겠습니다..
원서 쓸 수 있는 갯수를 대폭 늘리고 건당 원서비를 5천원~10000원 수준으로 제한하는 게 입시 혼란을 줄이고 억울하게 원서질 잘못해서 대학 잘못갔다는 불만을 잠재울 수 있지 않을까 싶은데 어떻게 생각하시나요?

그냥 궁금합니다. ㅎㅎ저야 뭐 이제 반수 생각도 없고 3학년이긴 한데...
입시가 끝나고 오티도 끝나고 할 때쯤 되면 반수 생각에, 입시 생각에 미련이 남던 과거가 문득 떠올라서요."
212,2017-02-19 19:32:31,4,"#81242번째울림
2017. 02. 19. 오후
<사는얘기>
고맙다는 말, 제가 수십 수백 번을 말해서 당신에게는 의미가 바랜 단어일지도 몰라요. 하지만 나는 빈말을 하는 성격은 아니에요. 언제나 너무나도 고마웠지만 별달리 표현할 길을 찾을 수가 없었어요. 고맙다는 마음을 어떻게 해야 더 잘 표현할 수 있었을까요. 당신 덕분에 여기까지 올 수 있었어요, 당신이 없었더라면 제 삶은 지금보다 더 흐린 색이었을 거에요... 아무리 궁리해 보아도 저는 잘 모르겠습니다.
나에게 당신이 얼마나 큰 힘이 되었는지 당신은 모를 거에요. 당신의 모습 그대로가 저에게는 위로였고 또한 행복이었어요. 별 것 아닌 당신의 작은 행동과 말 하나 하나가 저에게 어떤 의미였는지 당신은 상상조차 할 수 없겠죠. 저의 무채색 세상 속에 당신이라는 색이 얼마나 찬란하게 빛났는지! 무지개 세상에서 온 당신은 모르겠지만, 저는 너무나도 잘 알고 있습니다.
많은 것을 바라지는 않을게요. 제가 잠시 떠나더라도 당신은 변치 않고 학교에서 한 방울 노란 물감처럼 살아주세요. 지금처럼 당신 주위의 모든이들을 당신의 색으로 물들여주세요. 당신에게는 그럴 힘이 있고, 우리 주위에는 그 힘을 바라는 무채색 사람들이 무척 많답니다. 당신은 저에게만 특별한 게 아니라 우리 모두에게 특별한 사람이니까요.
정말로 고마웠어요. 몸 건강히 잘 지내시고, 나중에 웃는 얼굴로 만나요."
213,2017-02-19 17:14:04,21,"#81238번째울림
2017. 02. 19. 오후
<사는얘기>
조금 부족하면 뭐 어때. 말을 조리있게 못할 수도 있고, 예쁘지 않을 수 있지. 또 조금 눈치가 없을 수도 있고, 빠릿빠릿하지 않을 수도 있지.
그래도 뭐 어때. 그거 부족한 게 뭐 대수라고. 오해를 부르더라도 배려하는 마음이 있고, 속앓이 하더라도 상대방을 먼저 생각하고, 내 주변 사람들을 편안하게 해주잖아.
부족하더라도 자신이 좋아하는 일을 즐겁게 했으면 좋겠어. 다른 사람이 바라는 인생보다는 니가 좋아하는 인생을 살았으면 좋겠어. 
또 자신한테 하는 말 그대로, 다른 사람한테도 강요하지 않길 바라. 조금 손해보더라도 서로 이해하고 감싸주자. 돈 몇 푼이 그렇게 중요한 걸까. 나를 즐겁게, 내 주변사람들과 함께 행복하게 살아가는 게 내 행복이니까."
214,2017-02-18 12:25:43,12,"#81191번째울림
2017. 02. 17. 오후
<사는얘기>
과외 여선생님 찾습니다

소비자의 취향이니 가능한 건가요?
그럼 백인 선생님 찾습니다 는요?
이성애자 선생님 찾습니다 는요?

자영업-편의점-을 할 때 예쁜 여 알바가 매출에 영향이 있어서 여 알바를 뽑는 것은 잘못된 건가요?

경비업체같은 회사에서 고객들에게 신뢰감을 주는 인상을 가진 남성만 뽑는 것은요?

외모가 영향을 끼치는 직업에 있어 입사 지원자의 외모에 따라 채용에 차별을 두는 것은 잘못된 건가요?

변호사처럼 인맥이 중요한 곳에서 학력과 집안을 보고 채용을 하는 것은요?

기부입학제도는요?

극단적으로 재벌가에게 잘 보여 계약을 따내거나..머 하여간 잘보이기 위해서 재벌가의 자녀를 취직시켜 주는 것은요?

업무능력, 외모, 인맥, 집안, 자산 모두 개인의 '능력'이라면 그 능력에 따라 차별을 하는 것이 어느 정도까지가 허용되는지 궁금하여 질문합니다..

돈도 없고 못생겼고 빽도 없는 질문자 올림"
215,2017-02-18 12:25:42,5,"#81190번째울림
2017. 02. 17. 오후
<질문/건의/의견>
핵균  추가신청도실패..ㅠ  아캠  너무짠거같아요.. 현겅도아닌데  자리증원좀 ㅠ"
216,2017-02-17 23:15:09,18,"#81176번째울림
2017. 02. 15. 오전
<사는얘기>
남자분들 야x 얼마나 보관하고 있으신가요? 저는 300기가 정도?"
217,2017-02-17 20:08:19,106,"#81162번째울림
2017. 02. 17. 오전
<치킨>
치킨치킨치킨치킨치킨치킨치킨치킨치킨치킨치킨치킨치킨치킨치킨치킨치킨치킨치킨치킨치킨치킨치킨치킨치킨치킨
치킨치킨치킨치킨치킨치킨치킨치킨치킨치킨치킨치킨치킨치킨치킨치킨치킨치킨치킨치킨치킨치킨치킨치킨치킨치킨"
218,2017-02-17 18:36:21,1,"#81159번째울림
2017. 02. 16. 오후
<사랑>
너무 보고싶어.... 
그날이 그 사건이 우리의 마지막이 아니길 기도하면서 잠들어.... 너라고 생각된다면 너도 같은 마음이라면 연락줬으면 정말 좋겠다"
219,2017-02-17 10:54:44,8,"#81151번째울림
2017. 02. 16. 오후
<사는얘기>
ㅋㅋㅋㅋㅋㅋㅋㅋㅋㅋㅋㅋㅋㅋㅋㅋㅋㅋㅋㅋㅋㅋㅋㅋㅋㅋㅋㅋㅋㅋㅋㅋㅋㅋㅋㅋㅋㅋㅋㅋㅋㅋㅋㅋㅋㅋㅋㅋㅋㅋㅋㅋㅋㅋㅋㅋㅋㅋㅋㅋㅋㅋ
Gee ral한다 ㅋㅋㅋㅋ"
220,2017-02-16 17:28:19,6,"#81130번째울림
2017. 02. 16. 오전
<저.. 진지합니다>
정신과 치료를 받고싶은데 너무 용기도 엄두도 나질 않아요 내 밑바닥까지 다 남에게 보여줘야한다니 부끄럽고 이게 그렇게 큰 일인가 싶고 또 비용적으로도 걱정돼요 부모님껜 말씀 못드려서 제가 다 부담해야되는데 저렴하고 괜찮은곳 추천 해주실수 있을까요? 그냥 살아져서가 아니라 살고싶은 마음 그게 필요해서요"
221,2017-02-16 13:18:44,0,"#81118번째울림
2017. 02. 16. 오전
<사는얘기>
나는 내 첫사랑이 누구인지 몰랐다.
초등학교 때 좋아하던 짝꿍인가, 처음으로 장난처럼 사귀었던 남자아이인가.

너를 좋아했던 때로부터 7년.
잊을만하면 꿈에 자꾸만 나타난다.
너는 꿈 속에서 너무나 달콤하고 낭만적이다.
눈 뜨면 차갑고 비참하게 나를 상처주던 니 모습이 떠오른다.
꿈에만 안나오면, 그럼 너를 생각할 일도 마음이 휘저어질 일도 없을텐데

그 때의 나는 남자라고는 잘 모르는 아직은 순진한 여자아이였다.
꽤 인기 많아보이던 너는 갑자기 다가왔고 내 머리를 쓰다듬던 너의 손이 마음을 몽글하게 만들었다.
너무 달았던 너의 말들도 행동들도 다 내게는 처음 겪어보는 것이라, 그래서 내가 서툴었는지도 모른다.
갑자기 나를 피하고 연락도 하지 않던 너는 더이상 나와 얼굴을 마주하고싶지 않다고했다.
나는 아직도 내 탓을 하곤한다.
네가 밉지만 아무래도 내가 서툴어서 실수한걸까, 매력없이 너에게 내 마음을 부끄러운줄도 모르고 다 보여줘버린걸까.

너는 자꾸만 꿈에 나왔다.
나에게 다정한 날도 있었고, 나를 지켜주던 날도 있었다.
잊을만하면 나타나는 네가 밉기도했는데, 꿈이 너무 행복해서 나는 그래도 좋았다.

비로소 너를 다 잊었다고 생각했다.
2년은 네 꿈을 꾸지 않은 것 같다.
그런데 어제 밤에 또 갑자기 툭 하고..
내 손을 잡아주고 다정하게 바라보는 네가 있었다.
이제는 니 꿈이 아프다.
첫사랑이 무엇인지 꺾여가는 20대에 깨닫는다."
222,2017-02-16 10:54:23,3,"#81117번째울림
2017. 02. 15. 오후
<사는얘기>
현 시각 종편 바른정당 자유당 그리고 박사모 

민주당 경선 홍보하느라 엄청 바쁨

ㄹㅇ 사실상 결선"
223,2017-02-15 22:05:40,81,"#81099번째울림
2017. 02. 15. 오후
<사는얘기>
서서히 등록금을 납부해야할 시즌이 다가오고 있었다. 엄마가 계속 물으셨다. “등록금 낼 때 안됐어?” 나는 계속 다음 주에 나온다고 했다. 사실 저번에 나왔는데 거짓말을 했다. 사실 말하기가 두려웠었다. 나는 이런 상황이 두려워서 2016년 2학기를 죽을 듯이 했다. 성적장학금을 받기 위해서이다. 부모님께 등록금에 대한 부담을 덜어드리고 싶었기 때문이다. 국가장학금도 못 받는 상태였다. 하지만 뭐가 문제였는지 학점은 잘 나오지 못했다. 원하던 과에도 전공진입을 못했다. 당연히 장학금도 못 받았다. 또한 오늘 아침 원하던 기숙사는 떨어졌다. 기숙사는 전혀 예상치 못한 것이었다. 요즘 스트레스가 이만저만이 아니었다. 부모님을 보면 죄송스럽다. 지금 글을 쓰고 있는 도중에도 눈물이 난다. 하지만 이런 못난 자식을 부모님은 항상 챙겨주신다. 어렸을 때부터 몸이 약했던 나를 챙겨주신 분들은 부모님이셨다. 성균관대학교에 붙었다고 좋아하시고 눈물이 나셨던 분들은 부모님이셨다. 항상 나를 걱정 해주시는 분들은 부모님이셨다. 나 같은 못난 놈을 챙겨주시는 부모님께 항상 감사하고 죄송하다. 나는 반드시 성공할 것이다. 성공한 뒤에 부모님께 큰절을 올릴 것이다. 그리고 말할 것이다. “사랑합니다.”"
224,2017-02-15 20:50:06,4,"#81097번째울림
2017. 02. 15. 오후
<학교>
안녕하세요 
디도를 사랑하는 만큼 명륜캠을 사랑하는 뮬저너 입니다.
다름아니라 교수회관을 허물고 제2경영관을 짓는다는 계획이 추진되었던걸로 아는데 
백지화가 되었다는 소리를 들었습니다...
교수회관 리모델링 하는걸 보니 정말 그런것 같기도 하고.. 정말 제2경영관 계획은 무산된건가요??
호랑이대학교가면 크고 아름다운 경영관이 뙇! 있는게 부러워서 제2경영관 구조감도 보고
드디어 명륜에도 디도가 생기는줄 알고 설렜는데 ㅠㅠ"
225,2017-02-15 15:19:54,3,"#81080번째울림
2017. 02. 15. 오전
<학교>
계절학기에 재수강한 BSM이 D나왔네요..C+에서 D로 내려갔네요..이걸 왜 이제 확인했을까요..반타작은 했는데..자살하고싶다"
226,2017-02-15 10:36:55,9,"#81068번째울림
2017. 02. 15. 오전
<사는얘기>
최악의 발렌타인데이였어요 혼자 연애하는거같은 이 기분이 너무 비참해요 여자친구에게 오늘 주려고했던 꽃다발과 편지는 어떻게 해야하나요 그녀에게서 작은 선물을 바란거도 아니었어요 그냥 보고싶었던건데.. 왜 먼저 보고싶다고, 만나자고는 안하는걸까요 왜 항상 내가 먼저"
227,2017-02-15 09:13:36,240,"#81067번째울림
2017. 02. 14. 오후
<사는얘기>
솔직히 이건 사과헤야함"
228,2017-02-15 09:13:33,4,"#81066번째울림
2017. 02. 14. 오후
<성균관대학교 대나무숲>
  뒤늦게나마 2016년 전체 제보의 업로드 시간대와 카테고리의 결산 자료를 올립니다. 2016년 동안의 제보 시간대는 23시 1589건, 22시 1454건, 0시 1450건, 1시 1434건 순으로 자정 시간대가 많았으며 전체로 보았을 때는 월별로 보았을 때보다 시간대가 고루 분포하는 것을 알 수 있습니다. 제보의 카테고리는 사는얘기가 7625건으로 29.59%, 사랑이 24.55%, 학교가 9.12%, 인간관계가 9.02% 순으로 나타나서 사는얘기가 사랑을 제치고 카테고리 상으로 1등을 차지한 모습을 알 수 있습니다...

 1월 통계를 내보려고 했는데 대숲지기의 교체로 인해 페이지 권한에 문제가 생겨 1월 데이터를 추출했을 때 반정도의 제보밖에 나오지 않아 추출이 불가능함을 알려드리며 본의아니게 1월달 통계는 제외하는 것으로 하겠습니다..."
229,2017-02-14 23:34:49,3,"#81054번째울림
2017. 02. 14. 오후
<사는얘기>
당신들께선 못해준 것이 무엇이 있냐고 하실지는 모르겠습니다만 저는 지쳤습니다.
간병해주신 것, 용돈 주신 것 등 다 감사한 일입니다. 
허나 당신들께서 제게하는 한 마디 한 마디는 언제나 맘 상하는 것이었고, 이제 저는 그 한 마디 한 마디에 신경 쓰기도 싫고, 또 지쳤습니다.
물론 제게도 잘못한 일이 많고 합니다. 그렇지만 좋은 성적을 받았을 때에도, 선행상을 타왔을 때에도, 기타 다른 좋다고 여겨지는 일을 했을 때에도 남들은 어땠더라, 그거 해서 뭐하냐, 다음엔 더 해라.
이번엔 거래 내역까지 살피시더니 한 소리를 하셨습니다. 만약 자취를 하더라도 어떻게든 감시할 거라고도 공언하셨습니다.
맹세커니와 불효는 저지르지 않겠습니다. 그리고 효자가 될 거라고도 장담하지 않겠습니다. 당신들께선 제게 있어 기댈 곳이 아니었습니다. 정신적으로 힘들 때 원인에 위치하셨음 위치하셨지 한 번도, 심지어 간병을 하실 때에도 위로를 건네시진 않았습니다.
또 삐졌다고 흉을 보시겠지만 정확히 하자면 항상 지쳐있고, 오늘도 지쳤습니다. 화를 내기에도 지쳤고, 대답하기에도 지쳤습니다. 말은 잘 되라고 하시는 거라지만 이젠 잘 되는 것보다도 저인채로 살고 싶습니다."
230,2017-01-01 13:05:03,3,"#79167번째울림
2017. 01. 01. 오전
<저.. 진지합니다>
안녕하세요.
모두 새해 복 많이 받으세요.
2017년엔 다들 행복하시길..!
혹시 대수퍼님들은, 원하는 것과 경제적인 것이 충돌할 땐 어떻게 하시나요?
제가 어렸을 때부터 정말 유학을 가고 싶었는데
유학을 갈만큼 배우고 싶은 게 생기지 않아 망설였거든요. 요즘은 구체화되었고 가고 싶은데 지금까지 성대에 들인 등록금이 아깝지 않느냐고 부모님이 그러시네요. 물론 맞는 말이지만, 제가 추가학기도 다녀야 해서 꽤 남은 것 같기도 하고.갔다오면 남들보다 훨씬 늦게 졸업할 거라 그러셔서 여러모로 고민이 되네요.
제가 공부하고 싶은 전공이 사실 외국에서 외국인으로선 취직이 어려워 그것도 고민이 되구요..
ㅜㅜ조언 주시면 정말 감사할 것 같아요!"
